2013; 1; 1; 19; 18; 14.12; -91.81| 4
2013; 1; 2; 17; 57; 16.29; -98.07| 4
2013; 1; 3; 6; 30; 16.34; -95.11| 4.1
2013; 1; 4; 2; 52; 17.83; -100.19| 4
2013; 1; 4; 22; 7; 14.25; -93.21| 4.1
2013; 1; 5; 0; 5; 18.46; -101.89| 4.1
2013; 1; 5; 13; 50; 14.18; -91.98| 4.1
2013; 1; 5; 14; 16; 16.2; -98.37| 4
2013; 1; 5; 23; 56; 17.22; -94.63| 4
2013; 1; 6; 12; 24; 16.87; -95.02| 5
2013; 1; 6; 19; 34; 17.03; -101.78| 4
2013; 1; 7; 6; 55; 16.68; -96.24| 4.1
2013; 1; 8; 1; 57; 15.88; -97.28| 4
2013; 1; 8; 5; 12; 16.36; -98.64| 4
2013; 1; 8; 21; 32; 15.08; -93.12| 4
2013; 1; 10; 19; 49; 16.07; -97.55| 4
2013; 1; 11; 10; 30; 14.61; -92.87| 5.4
2013; 1; 11; 13; 11; 15.85; -94.21| 4.3
2013; 1; 11; 13; 27; 17.79; -101.53| 4.2
2013; 1; 11; 14; 15; 15.76; -95.92| 4.2
2013; 1; 11; 14; 32; 15.32; -91.91| 5
2013; 1; 11; 20; 2; 14.77; -95.09| 4
2013; 1; 11; 20; 17; 15.06; -93.63| 4.1
2013; 1; 11; 22; 7; 14.01; -92.42| 4
2013; 1; 12; 0; 12; 16.06; -99.17| 4.2
2013; 1; 12; 5; 14; 17.99; -101.75| 4
2013; 1; 12; 7; 14; 16.38; -99.76| 4
2013; 1; 12; 13; 24; 15.04; -94.01| 4.1
2013; 1; 12; 21; 50; 15.97; -97.08| 4.1
2013; 1; 12; 23; 26; 17.28; -95.24| 4
2013; 1; 13; 2; 34; 15.9; -96.92| 4.1
2013; 1; 13; 8; 35; 14.04; -93.31| 4.2
2013; 1; 13; 9; 28; 25.84; -110.58| 4
2013; 1; 13; 10; 28; 25.92; -110.34| 5.5
2013; 1; 13; 11; 4; 25.9; -110.36| 4
2013; 1; 13; 11; 50; 25.88; -110.29| 4.7
2013; 1; 15; 7; 9; 16.3; -98.08| 4.1
2013; 1; 15; 7; 42; 15.86; -92.47| 4.2
2013; 1; 15; 11; 59; 16.1; -93.86| 4.1
2013; 1; 15; 13; 20; 16.5; -98.51| 5
2013; 1; 17; 15; 17; 15.94; -95.65| 4.1
2013; 1; 17; 15; 41; 16.39; -98.66| 4.1
2013; 1; 18; 9; 31; 15.69; -96.94| 4.7
2013; 1; 18; 13; 15; 15.92; -98.31| 4
2013; 1; 19; 0; 20; 14.04; -91.67| 4
2013; 1; 19; 8; 56; 14.08; -92.66| 4
2013; 1; 19; 9; 10; 13.83; -92.4| 4.1
2013; 1; 19; 15; 46; 15.93; -96.31| 4.1
2013; 1; 20; 2; 12; 16.5; -98.51| 4.4
2013; 1; 20; 16; 14; 16.36; -98.5| 4.5
2013; 1; 20; 16; 40; 13.8; -92.25| 4
2013; 1; 20; 18; 32; 13.88; -92.74| 4.9
2013; 1; 21; 13; 45; 18.31; -101.85| 4
2013; 1; 21; 15; 57; 16.26; -98.33| 4
2013; 1; 22; 6; 28; 17.13; -101.47| 4
2013; 1; 22; 12; 29; 21.07; -106.1| 4.7
2013; 1; 22; 22; 13; 16.57; -99.01| 4
2013; 1; 23; 1; 41; 21.11; -106.3| 4.1
2013; 1; 23; 6; 36; 14.09; -92.66| 4.7
2013; 1; 23; 9; 49; 16.89; -95.08| 4
2013; 1; 24; 12; 0; 16.27; -98.04| 4
2013; 1; 24; 18; 41; 17.97; -93.2| 4
2013; 1; 24; 20; 0; 19.5; -108.45| 4
2013; 1; 24; 23; 28; 16.7; -99.51| 4
2013; 1; 25; 13; 33; 17.42; -101.34| 4.3
2013; 1; 26; 1; 30; 18.13; -101.76| 4.1
2013; 1; 26; 3; 49; 17.36; -94.87| 4.1
2013; 1; 26; 5; 14; 18.09; -99.58| 4.1
2013; 1; 26; 9; 47; 17.05; -94.05| 4.1
2013; 1; 27; 14; 27; 14.27; -91.95| 4.5
2013; 1; 30; 1; 24; 16.39; -96.21| 4.1
2013; 1; 30; 18; 2; 15.97; -98.67| 4
2013; 2; 2; 5; 34; 15.63; -96.43| 4
2013; 2; 2; 17; 13; 18.4; -101.72| 4
2013; 2; 3; 17; 3; 16.39; -94.18| 4.2
2013; 2; 3; 23; 10; 14.8; -94.48| 4.5
2013; 2; 3; 23; 38; 15.92; -97.01| 4.5
2013; 2; 6; 17; 34; 16.29; -98.52| 4
2013; 2; 7; 16; 22; 14.14; -93.83| 4.2
2013; 2; 7; 20; 7; 17.46; -102.71| 4
2013; 2; 8; 2; 28; 16.57; -94.86| 4.2
2013; 2; 8; 3; 42; 14.94; -95.29| 4
2013; 2; 8; 8; 26; 14.56; -93.28| 4
2013; 2; 8; 15; 6; 14.84; -92.86| 4.8
2013; 2; 8; 22; 22; 13.9; -92.47| 4.1
2013; 2; 9; 0; 57; 14.19; -92.05| 4.2
2013; 2; 9; 7; 42; 16.16; -98.11| 4
2013; 2; 9; 10; 29; 14.68; -93.29| 4.1
2013; 2; 9; 11; 29; 14.42; -93.53| 4.2
2013; 2; 9; 15; 41; 14.75; -94.38| 4.2
2013; 2; 10; 3; 33; 16.35; -98.01| 4
2013; 2; 10; 4; 57; 15.74; -96.53| 4
2013; 2; 10; 10; 12; 14.84; -94.31| 4.1
2013; 2; 10; 10; 51; 17.61; -95.49| 4.1
2013; 2; 10; 10; 54; 14.73; -94.39| 4.1
2013; 2; 10; 21; 16; 16.93; -99.69| 4
2013; 2; 11; 6; 39; 21.88; -96.3| 4.3
2013; 2; 11; 7; 15; 13.58; -92.46| 4
2013; 2; 11; 17; 1; 15.82; -98.41| 4.1
2013; 2; 12; 0; 18; 15.4; -93.93| 4
2013; 2; 12; 6; 31; 17; -95.26| 4.2
2013; 2; 12; 17; 9; 17.18; -93.78| 4
2013; 2; 12; 19; 2; 17.58; -102.84| 4.1
2013; 2; 13; 0; 12; 17.99; -103.53| 4.1
2013; 2; 13; 21; 7; 16.31; -97.99| 4
2013; 2; 13; 22; 0; 15.64; -94.12| 4.6
2013; 2; 13; 23; 6; 18.71; -105.29| 4
2013; 2; 13; 23; 37; 16.3; -98.25| 4.1
2013; 2; 14; 1; 28; 16.48; -98.05| 4.1
2013; 2; 14; 2; 13; 18.62; -104.9| 4.2
2013; 2; 14; 5; 47; 25.86; -110.11| 4.4
2013; 2; 14; 21; 6; 16.25; -98.2| 4
2013; 2; 14; 23; 49; 17.35; -94.93| 4.2
2013; 2; 15; 5; 42; 17.15; -101.2| 4
2013; 2; 15; 17; 0; 16.87; -94.41| 4
2013; 2; 15; 18; 42; 17.37; -101.24| 4.1
2013; 2; 16; 7; 17; 14.61; -93.07| 4.1
2013; 2; 16; 15; 0; 15.4; -98.47| 4.1
2013; 2; 16; 17; 58; 16.01; -98.09| 4
2013; 2; 16; 18; 53; 15.97; -98.11| 4
2013; 2; 17; 13; 45; 16.82; -93.86| 4.1
2013; 2; 17; 17; 51; 17.91; -98.24| 4
2013; 2; 18; 8; 40; 16.2; -98.25| 4
2013; 2; 18; 20; 8; 15.64; -95.92| 4
2013; 2; 18; 20; 40; 17.11; -101.46| 4.2
2013; 2; 19; 14; 59; 15.87; -95.2| 4.2
2013; 2; 20; 0; 51; 17.05; -94.25| 4.1
2013; 2; 20; 1; 30; 17.07; -94.22| 4.2
2013; 2; 20; 15; 23; 18.6; -104.04| 5.6
2013; 2; 20; 17; 0; 15.49; -95.11| 4.2
2013; 2; 21; 3; 49; 14.13; -91.89| 4.5
2013; 2; 21; 10; 44; 16.23; -98.21| 4
2013; 2; 21; 11; 27; 14.06; -93.35| 4.7
2013; 2; 21; 13; 27; 16.72; -94.46| 4.3
2013; 2; 21; 23; 14; 18.25; -102.07| 4
2013; 2; 22; 0; 56; 15.76; -94.29| 4
2013; 2; 22; 20; 37; 16.59; -94.4| 4
2013; 2; 22; 20; 53; 17.52; -95.69| 4
2013; 2; 22; 22; 40; 32.21; -117.62| 4.1
2013; 2; 23; 1; 5; 14.14; -92.5| 4
2013; 2; 23; 2; 50; 17.31; -100.84| 4
2013; 2; 23; 4; 13; 14.17; -92.78| 4
2013; 2; 23; 5; 44; 18.17; -99.37| 4.1
2013; 2; 23; 10; 34; 17.05; -99.96| 4
2013; 2; 23; 16; 1; 13.82; -91.9| 4
2013; 2; 24; 2; 14; 14.35; -93.03| 4
2013; 2; 24; 2; 37; 15.04; -93.6| 4.1
2013; 2; 24; 12; 51; 13.87; -92.89| 4.1
2013; 2; 24; 12; 58; 15.96; -96.02| 4
2013; 2; 24; 19; 52; 14.07; -92.85| 4
2013; 2; 24; 20; 25; 17.29; -100.11| 4
2013; 2; 24; 22; 51; 18.04; -101.77| 4
2013; 2; 25; 0; 33; 15.09; -94.01| 4.1
2013; 2; 25; 1; 8; 14.06; -91.71| 4.4
2013; 2; 25; 6; 15; 17.03; -94.97| 4.2
2013; 2; 25; 7; 5; 13.75; -91.37| 4
2013; 2; 25; 10; 55; 14.04; -93.32| 4
2013; 2; 25; 16; 53; 31.16; -115.89| 4
2013; 2; 26; 5; 36; 15.54; -95.35| 4
2013; 2; 26; 6; 11; 18.18; -103.39| 4
2013; 2; 26; 9; 3; 16; -98.76| 4
2013; 2; 26; 10; 27; 14.06; -93.07| 4
2013; 2; 26; 11; 15; 14.1; -93.12| 4.1
2013; 2; 26; 14; 49; 16.96; -99.51| 4.1
2013; 2; 26; 23; 42; 17.22; -94.67| 4
2013; 2; 27; 17; 41; 15.85; -94.97| 4
2013; 3; 1; 6; 39; 15.51; -94.8| 4
2013; 3; 1; 23; 10; 17.04; -95.31| 4.2
2013; 3; 5; 0; 44; 15.08; -94.29| 4.1
2013; 3; 5; 21; 30; 16.65; -93.87| 4
2013; 3; 6; 8; 53; 14.36; -93.74| 4
2013; 3; 6; 16; 3; 15.97; -99.17| 4.5
2013; 3; 7; 20; 33; 15.8; -96.51| 4
2013; 3; 7; 22; 21; 17.49; -94.99| 4.1
2013; 3; 7; 22; 34; 15.42; -94.65| 4
2013; 3; 9; 5; 15; 16.44; -100.17| 4
2013; 3; 9; 6; 24; 17.37; -94.39| 4.1
2013; 3; 9; 21; 56; 24.07; -108.91| 4.2
2013; 3; 9; 22; 21; 17.17; -94.67| 4.2
2013; 3; 10; 5; 42; 16.32; -98.51| 4
2013; 3; 10; 19; 43; 16.1; -98.96| 4
2013; 3; 11; 1; 43; 18.41; -102.57| 4.3
2013; 3; 11; 6; 20; 17.04; -102.61| 4.1
2013; 3; 11; 21; 46; 15.77; -94.08| 4.9
2013; 3; 12; 13; 19; 15.98; -95.27| 4
2013; 3; 12; 21; 56; 15.87; -96.28| 4.1
2013; 3; 12; 22; 17; 16.97; -95.12| 4
2013; 3; 13; 13; 34; 13.42; -92.21| 4.3
2013; 3; 13; 15; 17; 17.82; -101.2| 4
2013; 3; 13; 18; 45; 18.52; -103.8| 4
2013; 3; 13; 20; 54; 18.37; -102.59| 4
2013; 3; 13; 22; 19; 15.41; -94.64| 4.3
2013; 3; 14; 22; 14; 15.42; -104.14| 4.5
2013; 3; 16; 4; 25; 16.67; -98.65| 4.6
2013; 3; 16; 18; 32; 16.65; -94.08| 4.2
2013; 3; 16; 23; 47; 17.15; -99.96| 4.1
2013; 3; 17; 6; 55; 14.35; -93.19| 4.1
2013; 3; 17; 21; 34; 16.27; -93.68| 4.1
2013; 3; 18; 13; 53; 15.41; -96.53| 4.1
2013; 3; 18; 17; 31; 16.48; -94.39| 4.2
2013; 3; 18; 18; 33; 15.75; -96.28| 4
2013; 3; 19; 5; 31; 14.4; -93.94| 4.1
2013; 3; 19; 16; 17; 14.37; -91.82| 4.2
2013; 3; 19; 23; 10; 15.57; -96.49| 4.1
2013; 3; 20; 9; 35; 14.85; -94.53| 4
2013; 3; 20; 13; 14; 18.01; -101.66| 4
2013; 3; 20; 20; 10; 16.89; -95.06| 4
2013; 3; 21; 1; 31; 16.36; -98.06| 4
2013; 3; 21; 6; 0; 17.65; -101.39| 4
2013; 3; 21; 13; 40; 15.38; -93.76| 4.2
2013; 3; 21; 18; 19; 17.59; -101.23| 4
2013; 3; 21; 19; 39; 16.49; -98.48| 4.2
2013; 3; 21; 23; 8; 14.25; -92.99| 4.2
2013; 3; 22; 8; 43; 16.66; -94.82| 4.1
2013; 3; 22; 12; 10; 15.6; -92.62| 4
2013; 3; 23; 7; 24; 15.81; -98.16| 4.4
2013; 3; 23; 14; 35; 15.94; -96.67| 4
2013; 3; 24; 4; 29; 16.25; -93.15| 4.1
2013; 3; 24; 14; 13; 15.58; -93.35| 4
2013; 3; 24; 14; 56; 16.82; -101.12| 4.1
2013; 3; 24; 21; 57; 14.53; -93.52| 4.1
2013; 3; 24; 22; 10; 15.94; -98.45| 4
2013; 3; 24; 23; 1; 16.46; -93.66| 4.1
2013; 3; 25; 0; 27; 15.64; -94.18| 4.4
2013; 3; 25; 4; 31; 17.91; -101.62| 4.1
2013; 3; 25; 5; 24; 17.26; -100.62| 4.1
2013; 3; 25; 10; 39; 14.27; -93.86| 4.1
2013; 3; 25; 17; 2; 14.35; -90.81| 6.2
2013; 3; 25; 23; 45; 16.52; -94.58| 4.1
2013; 3; 26; 6; 54; 15.75; -94.14| 4.7
2013; 3; 26; 7; 4; 15.78; -98.61| 5.4
2013; 3; 26; 7; 12; 15.94; -98.45| 5
2013; 3; 26; 7; 25; 15.86; -98.27| 4.7
2013; 3; 26; 7; 39; 15.83; -98.43| 4.5
2013; 3; 26; 9; 22; 15.89; -98.49| 4
2013; 3; 27; 7; 59; 15.99; -98.41| 4.2
2013; 3; 27; 18; 55; 17.27; -94.54| 4.2
2013; 3; 27; 19; 19; 14.97; -94.14| 4
2013; 3; 27; 19; 42; 18.75; -102.79| 4.2
2013; 3; 27; 20; 53; 14.15; -92.16| 4.9
2013; 3; 28; 1; 37; 15.01; -93.31| 4.1
2013; 3; 28; 11; 3; 18.97; -104.4| 4
2013; 3; 28; 12; 14; 14.07; -92.32| 4.1
2013; 3; 28; 17; 40; 13.42; -92.14| 4.1
2013; 3; 28; 20; 42; 15.63; -94.39| 4
2013; 3; 28; 22; 0; 15.47; -93.77| 4.1
2013; 3; 28; 22; 34; 14.77; -93.46| 4
2013; 3; 28; 23; 0; 13.84; -91.98| 4.1
2013; 3; 29; 0; 46; 15.53; -98.51| 4.1
2013; 3; 30; 10; 55; 16.58; -99.05| 4
2013; 4; 1; 4; 56; 17.35; -101.19| 4.1
2013; 4; 1; 8; 12; 16.33; -98.26| 4
2013; 4; 3; 4; 5; 14.02; -92.09| 4
2013; 4; 3; 6; 15; 14.79; -93.65| 4.1
2013; 4; 3; 15; 11; 16.54; -98.9| 4
2013; 4; 4; 4; 34; 16.81; -95.23| 4
2013; 4; 4; 19; 58; 17.08; -100.82| 5.3
2013; 4; 9; 19; 38; 15.46; -94.09| 4.1
2013; 4; 9; 21; 2; 31.51; -114.37| 4.1
2013; 4; 10; 14; 13; 15.96; -86.52| 5.4
2013; 4; 11; 4; 2; 14.81; -91.42| 4.2
2013; 4; 11; 18; 57; 13.95; -91.96| 4.5
2013; 4; 11; 21; 53; 14.3; -93.23| 4
2013; 4; 11; 22; 45; 17.78; -101.58| 5.2
2013; 4; 11; 23; 58; 17.8; -101.62| 4
2013; 4; 12; 0; 45; 17.79; -101.63| 4
2013; 4; 12; 9; 52; 17.8; -101.6| 4
2013; 4; 12; 16; 15; 16.3; -97.99| 4.4
2013; 4; 12; 21; 3; 15.65; -94.16| 4.1
2013; 4; 13; 3; 18; 17.39; -101.52| 4.2
2013; 4; 13; 6; 21; 14.74; -93.28| 4
2013; 4; 13; 6; 58; 14.12; -92.75| 4
2013; 4; 13; 10; 13; 17.26; -93.92| 4.2
2013; 4; 14; 23; 15; 16.3; -95.85| 4.1
2013; 4; 15; 4; 5; 16.48; -93.44| 4
2013; 4; 15; 11; 46; 15.83; -94.37| 4
2013; 4; 15; 19; 8; 16.61; -99.32| 4
2013; 4; 15; 21; 24; 15.17; -91.94| 4
2013; 4; 15; 22; 23; 16.91; -94.62| 4.2
2013; 4; 16; 12; 4; 14.4; -92.52| 4
2013; 4; 16; 20; 3; 14.37; -93.95| 4
2013; 4; 16; 21; 58; 32.13; -115.82| 4
2013; 4; 17; 0; 24; 13.72; -92.41| 4.1
2013; 4; 17; 5; 44; 15.74; -94.05| 4.2
2013; 4; 17; 6; 44; 14.8; -94.44| 4.2
2013; 4; 17; 7; 1; 15.1; -94.51| 4.1
2013; 4; 18; 6; 9; 16.53; -98.52| 4
2013; 4; 18; 7; 37; 15.19; -92.12| 4.5
2013; 4; 18; 19; 56; 16.62; -94.87| 4
2013; 4; 18; 21; 3; 16.56; -95.03| 4
2013; 4; 19; 0; 33; 16.27; -97.97| 4
2013; 4; 19; 3; 4; 15.53; -94.45| 4
2013; 4; 19; 5; 47; 18.26; -103.57| 4
2013; 4; 20; 0; 5; 15.89; -98.63| 4.7
2013; 4; 20; 0; 19; 16.02; -98.64| 4.3
2013; 4; 20; 2; 58; 16.45; -99.51| 4
2013; 4; 21; 0; 56; 16.53; -98.39| 4
2013; 4; 21; 1; 35; 13.81; -91.71| 4
2013; 4; 21; 4; 45; 18.45; -107.25| 4.3
2013; 4; 21; 7; 37; 17.92; -102.32| 4.1
2013; 4; 21; 7; 50; 15.52; -95.67| 4.1
2013; 4; 21; 10; 35; 16.97; -94.21| 4.1
2013; 4; 21; 20; 16; 17.87; -102.19| 5.8
2013; 4; 21; 21; 25; 17.82; -102.27| 4
2013; 4; 21; 21; 44; 14.2; -91.74| 4
2013; 4; 21; 22; 16; 17.68; -102.36| 4
2013; 4; 22; 7; 10; 16.14; -94.17| 4
2013; 4; 22; 7; 51; 16.74; -93.91| 4.1
2013; 4; 22; 14; 53; 14.95; -93.84| 4
2013; 4; 22; 21; 6; 19.3; -107.19| 4.2
2013; 4; 22; 21; 18; 17.84; -102.29| 4
2013; 4; 23; 5; 52; 16.55; -98.39| 4
2013; 4; 24; 6; 18; 17.33; -95.52| 4
2013; 4; 24; 6; 45; 17.04; -101.36| 4
2013; 4; 24; 7; 25; 17.08; -101.29| 4
2013; 4; 24; 7; 40; 17.09; -101.32| 4.1
2013; 4; 24; 9; 55; 17.67; -102.2| 4.2
2013; 4; 24; 10; 47; 16.74; -94.9| 4.1
2013; 4; 24; 14; 12; 18.75; -106.99| 4.2
2013; 4; 24; 23; 30; 17.77; -102.28| 4
2013; 4; 25; 2; 53; 15.95; -95.66| 4.1
2013; 4; 25; 4; 3; 16.86; -95.14| 4
2013; 4; 26; 3; 21; 17.23; -100.26| 4
2013; 4; 26; 12; 7; 16.66; -99.33| 4
2013; 4; 28; 6; 12; 13.8; -92.52| 4
2013; 4; 29; 6; 6; 16.17; -98.26| 4
2013; 4; 29; 9; 30; 17.14; -99.93| 4.1
2013; 4; 29; 11; 21; 18.15; -101.97| 4.1
2013; 4; 29; 11; 26; 16.86; -94.06| 4.3
2013; 4; 30; 5; 10; 14.91; -93.6| 4.1
2013; 5; 1; 6; 30; 13.51; -92.02| 4
2013; 5; 1; 20; 17; 16.04; -97.61| 4.1
2013; 5; 2; 21; 30; 16.65; -99.56| 4
2013; 5; 3; 21; 18; 15.24; -93.78| 4
2013; 5; 3; 21; 25; 15.12; -94.08| 4
2013; 5; 4; 6; 12; 19.26; -105.14| 4.2
2013; 5; 4; 21; 52; 19.97; -105.37| 4.6
2013; 5; 4; 23; 12; 19.96; -105.33| 4
2013; 5; 5; 8; 37; 14.32; -92.11| 4.2
2013; 5; 5; 10; 3; 13.8; -92.84| 4
2013; 5; 5; 15; 11; 18.3; -101.89| 4
2013; 5; 5; 15; 56; 14.12; -92.88| 4.1
2013; 5; 5; 18; 27; 13.92; -92.88| 4.2
2013; 5; 8; 13; 54; 15.94; -98.33| 4
2013; 5; 9; 0; 25; 13.94; -92.57| 4
2013; 5; 9; 0; 25; 13.93; -92.72| 4.1
2013; 5; 9; 10; 29; 17.33; -94.48| 4.1
2013; 5; 9; 14; 30; 16.51; -98.16| 4.6
2013; 5; 10; 5; 3; 14.87; -92.66| 4
2013; 5; 10; 5; 8; 14.87; -92.65| 4
2013; 5; 10; 15; 49; 13.97; -91.84| 5.3
2013; 5; 11; 0; 29; 14.24; -91.47| 4
2013; 5; 11; 16; 40; 16.91; -95.27| 4
2013; 5; 11; 23; 11; 17.03; -98.94| 4.1
2013; 5; 11; 23; 44; 14.03; -92.28| 4
2013; 5; 12; 0; 42; 16.18; -98.23| 4
2013; 5; 12; 2; 30; 13.69; -91.47| 5.3
2013; 5; 12; 4; 55; 18.9; -103.54| 4
2013; 5; 12; 12; 37; 13.64; -92.38| 4.1
2013; 5; 12; 17; 4; 19.91; -105.29| 4.2
2013; 5; 13; 8; 5; 14.03; -92.65| 4.1
2013; 5; 14; 11; 22; 15.4; -95| 4
2013; 5; 14; 14; 43; 13.87; -91.64| 4
2013; 5; 15; 5; 39; 15.89; -94.46| 4
2013; 5; 15; 22; 25; 13.36; -90.92| 4
2013; 5; 16; 2; 22; 13.08; -91.79| 4
2013; 5; 16; 9; 15; 14.93; -92.64| 4.5
2013; 5; 17; 20; 43; 16.19; -100.65| 4
2013; 5; 17; 23; 32; 13.72; -92.13| 4.2
2013; 5; 18; 0; 14; 29.34; -114.32| 4.1
2013; 5; 18; 14; 29; 14.79; -95.13| 4.1
2013; 5; 18; 20; 25; 15.99; -96.42| 4.1
2013; 5; 19; 0; 3; 14.35; -94.29| 4
2013; 5; 19; 5; 48; 17.22; -93.7| 4
2013; 5; 19; 8; 16; 19.2; -105.03| 4
2013; 5; 20; 14; 24; 16.91; -94.37| 4
2013; 5; 21; 0; 27; 16.95; -102.3| 4
2013; 5; 21; 3; 41; 15.66; -92.7| 4.7
2013; 5; 22; 9; 13; 18.28; -100.7| 4.3
2013; 5; 22; 14; 34; 16.51; -98.49| 4
2013; 5; 23; 8; 15; 13.67; -92.21| 4.1
2013; 5; 24; 11; 10; 18.26; -102.04| 4.1
2013; 5; 26; 14; 36; 17.1; -96.68| 4
2013; 5; 29; 18; 2; 16.02; -98.51| 4
2013; 5; 30; 4; 2; 13.31; -88.86| 4.1
2013; 5; 30; 8; 8; 16.92; -94.08| 4
2013; 5; 30; 9; 45; 13.19; -90.81| 4
2013; 5; 31; 8; 22; 16.81; -95.04| 4
2013; 5; 31; 18; 14; 18.17; -103.73| 4
2013; 5; 31; 23; 36; 13.69; -91.48| 4.2
2013; 6; 2; 14; 13; 17.84; -100.84| 4.6
2013; 6; 2; 16; 27; 16.04; -94.67| 4
2013; 6; 2; 16; 55; 17.85; -100.83| 4
2013; 6; 3; 3; 29; 14.36; -93.8| 4.1
2013; 6; 3; 12; 25; 19.2; -104.07| 4
2013; 6; 3; 22; 18; 17.4; -94.73| 4
2013; 6; 3; 23; 24; 13.28; -92.59| 4
2013; 6; 4; 9; 58; 14.13; -92.39| 4.2
2013; 6; 4; 16; 56; 15.59; -95.58| 4.1
2013; 6; 6; 3; 3; 16.83; -94.97| 4
2013; 6; 6; 21; 57; 17.79; -102.44| 4
2013; 6; 6; 22; 17; 30.03; -114.15| 4.7
2013; 6; 7; 13; 33; 17.24; -95.57| 4
2013; 6; 7; 16; 13; 30.02; -114.17| 4.5
2013; 6; 7; 23; 19; 14.07; -91.66| 4.1
2013; 6; 8; 1; 37; 16.39; -94.82| 4.6
2013; 6; 10; 1; 7; 14.09; -92.54| 4
2013; 6; 10; 14; 2; 16.07; -98.62| 4
2013; 6; 10; 17; 21; 17.75; -101.42| 4.2
2013; 6; 10; 17; 21; 17.76; -101.38| 4.3
2013; 6; 10; 21; 36; 16.17; -94.43| 4
2013; 6; 11; 3; 7; 16.26; -97.47| 4
2013; 6; 11; 9; 7; 24.24; -109.17| 4.3
2013; 6; 11; 10; 2; 30.02; -114.14| 4.6
2013; 6; 11; 13; 50; 30.37; -109.56| 4
2013; 6; 12; 18; 59; 13.68; -92.4| 4.1
2013; 6; 13; 9; 36; 15.34; -98.57| 4
2013; 6; 14; 12; 53; 17.8; -101.24| 4
2013; 6; 14; 14; 25; 17.44; -94.99| 4
2013; 6; 14; 16; 35; 18.03; -103.39| 4
2013; 6; 14; 23; 21; 15.05; -91.99| 4.3
2013; 6; 15; 2; 23; 21.01; -105.28| 4.2
2013; 6; 15; 9; 0; 13.75; -91.92| 4.5
2013; 6; 15; 10; 39; 27.64; -111.61| 4
2013; 6; 15; 14; 17; 15.56; -93.54| 4
2013; 6; 15; 14; 52; 13.86; -92.16| 4.1
2013; 6; 16; 0; 19; 18.04; -99.25| 5.8
2013; 6; 16; 3; 22; 13.88; -91.98| 4.1
2013; 6; 16; 4; 31; 13.87; -91.9| 4.1
2013; 6; 16; 5; 48; 18.28; -105.78| 4
2013; 6; 16; 6; 43; 16.6; -94.02| 4.2
2013; 6; 17; 5; 7; 13.28; -92.28| 4.1
2013; 6; 17; 22; 10; 15.37; -94.58| 4.1
2013; 6; 18; 0; 35; 14.52; -93.09| 4
2013; 6; 18; 8; 23; 16.09; -99| 4.6
2013; 6; 18; 14; 7; 16.01; -99.01| 4.1
2013; 6; 19; 0; 46; 15.97; -99.31| 4.1
2013; 6; 19; 4; 7; 16.1; -99.27| 4.2
2013; 6; 19; 5; 22; 16.09; -99.25| 4.1
2013; 6; 19; 6; 0; 16.02; -99.25| 4.3
2013; 6; 19; 10; 1; 16.26; -98.05| 4
2013; 6; 19; 21; 26; 16.57; -94.44| 4.1
2013; 6; 20; 3; 59; 16.14; -98.61| 4.2
2013; 6; 21; 4; 41; 18.6; -98.72| 4
2013; 6; 21; 6; 5; 13.95; -92.05| 4.1
2013; 6; 21; 10; 1; 16.11; -94.39| 4
2013; 6; 21; 11; 34; 14; -92.27| 4.1
2013; 6; 21; 15; 30; 15.41; -94.17| 4.1
2013; 6; 21; 17; 50; 16.98; -94.88| 4
2013; 6; 21; 20; 48; 16.1; -95.84| 4
2013; 6; 21; 21; 14; 15.66; -95.31| 4
2013; 6; 22; 12; 35; 14.29; -90.41| 4.8
2013; 6; 22; 16; 39; 16.98; -94.25| 4
2013; 6; 22; 20; 46; 21.84; -107.98| 4.7
2013; 6; 23; 5; 22; 15.74; -98.42| 4
2013; 6; 23; 20; 18; 16.33; -93.93| 4
2013; 6; 24; 21; 38; 17.29; -94.69| 4
2013; 6; 24; 23; 27; 32.4; -115.04| 4
2013; 6; 25; 3; 9; 23.71; -99.97| 4
2013; 6; 25; 6; 54; 16.07; -97.13| 4
2013; 6; 25; 7; 6; 14.33; -95.32| 4.1
2013; 6; 25; 11; 36; 15.26; -91.81| 4.1
2013; 6; 25; 12; 48; 14.41; -94.59| 4.1
2013; 6; 25; 13; 1; 15.11; -93.18| 4
2013; 6; 25; 14; 55; 15.94; -95.43| 4
2013; 6; 25; 16; 1; 14.54; -92.95| 4.1
2013; 6; 25; 22; 44; 15.41; -95.72| 4
2013; 6; 26; 0; 5; 16.38; -93.05| 4.1
2013; 6; 26; 6; 43; 30.43; -113.85| 4
2013; 6; 27; 0; 12; 17.03; -100.04| 4
2013; 6; 27; 3; 42; 17.86; -95.23| 4.2
2013; 6; 27; 9; 25; 16.74; -95.17| 4.2
2013; 6; 27; 17; 31; 15.75; -94.24| 4.3
2013; 6; 28; 15; 18; 16.06; -95.68| 4.2
2013; 6; 29; 15; 32; 13.99; -93.19| 4
2013; 6; 29; 16; 19; 18.14; -99.26| 4.7
2013; 7; 1; 3; 32; 15.28; -98.8| 4
2013; 7; 1; 15; 17; 17.06; -95.43| 4.2
2013; 7; 2; 17; 36; 19.1; -104.13| 4
2013; 7; 3; 3; 57; 13.66; -92.14| 4
2013; 7; 3; 12; 15; 16.66; -99.45| 4.2
2013; 7; 4; 2; 3; 15.3; -93.51| 4
2013; 7; 4; 11; 10; 16; -94.03| 4.5
2013; 7; 4; 21; 49; 15.44; -95.75| 4
2013; 7; 4; 21; 57; 23.48; -109.59| 4
2013; 7; 5; 0; 3; 16.54; -94.46| 4
2013; 7; 5; 21; 53; 17.1; -95.32| 4
2013; 7; 6; 5; 41; 16.99; -94.1| 4.1
2013; 7; 6; 23; 7; 16.05; -98.4| 4
2013; 7; 9; 0; 2; 13.94; -92.27| 4
2013; 7; 11; 1; 32; 16.84; -94.42| 4.1
2013; 7; 11; 18; 19; 15.86; -92.86| 4.4
2013; 7; 11; 23; 27; 15.33; -93.56| 4
2013; 7; 12; 0; 4; 17.12; -94.69| 4
2013; 7; 12; 20; 28; 14.01; -92.03| 4
2013; 7; 13; 3; 39; 17.49; -94.94| 4.1
2013; 7; 14; 2; 24; 16.85; -108.53| 4.1
2013; 7; 14; 7; 3; 14.11; -93.42| 4.1
2013; 7; 14; 7; 14; 16.19; -97.32| 4
2013; 7; 14; 10; 42; 15.87; -97.16| 4
2013; 7; 14; 11; 24; 15.8; -97.16| 4
2013; 7; 14; 17; 56; 16.76; -99.91| 4
2013; 7; 14; 18; 1; 14.23; -93.42| 4.3
2013; 7; 15; 2; 24; 14.28; -93.28| 4.1
2013; 7; 15; 3; 19; 17.02; -94.22| 4.1
2013; 7; 17; 1; 36; 14.61; -94.26| 4
2013; 7; 17; 6; 5; 16.97; -95.6| 4.1
2013; 7; 17; 7; 33; 20.85; -94.79| 4
2013; 7; 17; 8; 2; 14.13; -93.29| 4
2013; 7; 18; 8; 26; 14.53; -94.31| 4.3
2013; 7; 18; 8; 37; 14.75; -93.98| 4.1
2013; 7; 18; 11; 27; 14.57; -94.31| 4
2013; 7; 18; 14; 48; 13.66; -91.47| 5.1
2013; 7; 18; 20; 43; 14.52; -93.94| 4
2013; 7; 18; 22; 43; 16.31; -94.53| 4.3
2013; 7; 20; 16; 4; 16.09; -94.98| 4.1
2013; 7; 20; 22; 43; 18.13; -101.9| 4
2013; 7; 21; 2; 33; 16.9; -94.14| 4.1
2013; 7; 21; 17; 55; 14.32; -93.23| 4.2
2013; 7; 24; 5; 0; 18.17; -103.39| 4.2
2013; 7; 25; 23; 39; 15.7; -96.33| 4.1
2013; 7; 26; 10; 57; 18.2; -101.06| 4.1
2013; 7; 27; 11; 6; 14.01; -91.33| 4
2013; 7; 27; 13; 56; 16.63; -100.4| 4
2013; 7; 27; 23; 31; 15.79; -93.46| 4
2013; 7; 28; 0; 3; 15.86; -94.91| 4.1
2013; 7; 28; 2; 11; 14.43; -90.51| 4
2013; 7; 28; 7; 28; 15.45; -94.79| 4
2013; 7; 30; 8; 29; 15.5; -93.33| 5.4
2013; 7; 30; 12; 27; 16.21; -94.49| 4.9
2013; 7; 30; 14; 31; 18.39; -104.2| 4.6
2013; 7; 30; 20; 39; 14.04; -92.97| 4
2013; 7; 31; 5; 19; 18.41; -104.18| 4.2
2013; 7; 31; 8; 26; 15.45; -94.74| 4.1
2013; 7; 31; 18; 18; 14.05; -92.65| 4.1
2013; 7; 31; 21; 30; 14.62; -94.29| 4.2
2013; 8; 1; 3; 31; 17.03; -96.83| 4
2013; 8; 1; 4; 6; 18.41; -104.2| 4
2013; 8; 1; 5; 24; 14.41; -103.1| 5
2013; 8; 1; 7; 27; 13.88; -92.69| 4
2013; 8; 1; 8; 24; 13.85; -92.73| 4.1
2013; 8; 1; 20; 7; 15.01; -91.73| 4.2
2013; 8; 2; 3; 17; 17.94; -101.53| 4
2013; 8; 2; 4; 29; 16.36; -94.76| 5
2013; 8; 2; 22; 53; 14.61; -92.57| 4.1
2013; 8; 3; 14; 24; 18.19; -99.26| 4
2013; 8; 3; 14; 39; 17.05; -95.29| 4
2013; 8; 3; 16; 48; 16.62; -101.02| 4
2013; 8; 4; 0; 29; 16.95; -94.05| 4
2013; 8; 4; 15; 52; 16.14; -93.84| 4.1
2013; 8; 4; 20; 1; 15.43; -94.77| 4
2013; 8; 5; 5; 15; 14.26; -91.89| 4
2013; 8; 5; 6; 7; 17.34; -101.22| 4.2
2013; 8; 5; 13; 58; 30.28; -109.68| 4
2013; 8; 5; 15; 48; 30.11; -114.27| 4.4
2013; 8; 5; 18; 23; 16.76; -96.32| 4.1
2013; 8; 6; 0; 57; 14.18; -91.6| 5.7
2013; 8; 6; 10; 3; 16; -98.31| 4
2013; 8; 6; 10; 14; 15.94; -98.35| 4
2013; 8; 6; 15; 17; 16.49; -98.58| 4.9
2013; 8; 7; 0; 16; 15.66; -95.55| 4.1
2013; 8; 7; 3; 15; 14.92; -93.12| 4.1
2013; 8; 7; 4; 37; 14.55; -94.23| 4.1
2013; 8; 7; 9; 55; 15.83; -92.66| 4.1
2013; 8; 9; 3; 25; 15.34; -92.03| 4.3
2013; 8; 9; 15; 57; 13.86; -91.77| 4.4
2013; 8; 10; 15; 53; 14.04; -93.24| 4.2
2013; 8; 11; 0; 12; 14.02; -91.72| 4.2
2013; 8; 11; 4; 48; 17.44; -94.26| 4
2013; 8; 11; 9; 51; 16.62; -98.67| 4
2013; 8; 11; 11; 0; 13.91; -93.37| 4
2013; 8; 11; 11; 19; 13.98; -93.24| 4.1
2013; 8; 11; 11; 42; 14.1; -92.93| 4
2013; 8; 12; 2; 36; 27.77; -111.82| 4.2
2013; 8; 12; 16; 34; 14.51; -93.09| 4.9
2013; 8; 12; 20; 58; 15.26; -94.31| 4
2013; 8; 12; 22; 41; 16.49; -98.6| 4
2013; 8; 12; 23; 46; 15.95; -98.59| 4
2013; 8; 13; 5; 18; 13.54; -92.27| 4.2
2013; 8; 13; 10; 4; 14.18; -93.29| 4
2013; 8; 13; 11; 50; 16.56; -98.57| 5
2013; 8; 13; 12; 45; 17.21; -92.55| 4
2013; 8; 13; 18; 30; 15.58; -93.6| 4.1
2013; 8; 13; 21; 56; 14.4; -93.09| 4
2013; 8; 13; 22; 41; 15.03; -94.83| 4.1
2013; 8; 13; 23; 29; 14.54; -93.09| 4
2013; 8; 14; 1; 22; 16.62; -94.46| 4
2013; 8; 14; 2; 57; 15.05; -94.83| 4.3
2013; 8; 14; 10; 39; 28; -112.16| 4.1
2013; 8; 14; 10; 59; 16.49; -93.96| 4.1
2013; 8; 14; 11; 11; 14.08; -93.23| 4.2
2013; 8; 14; 12; 6; 15.78; -94.32| 4
2013; 8; 14; 17; 29; 28.47; -113.13| 4.1
2013; 8; 15; 8; 44; 15.05; -94.83| 4.2
2013; 8; 15; 12; 15; 19.19; -104.11| 4.1
2013; 8; 15; 13; 21; 13.93; -93.31| 4
2013; 8; 15; 13; 47; 15.27; -93.3| 4
2013; 8; 15; 14; 24; 17.01; -94.53| 4.1
2013; 8; 15; 16; 16; 15.25; -94.41| 4.1
2013; 8; 15; 17; 55; 15.22; -97.08| 4.1
2013; 8; 15; 19; 56; 13.47; -91.69| 4.6
2013; 8; 16; 0; 23; 13.58; -91.84| 4.1
2013; 8; 16; 1; 35; 25.4; -109.78| 4.4
2013; 8; 16; 5; 12; 13.63; -91.92| 4.2
2013; 8; 16; 10; 32; 16.54; -98.59| 5.1
2013; 8; 17; 8; 57; 13.75; -93.21| 4.1
2013; 8; 17; 11; 11; 15.48; -96.46| 4
2013; 8; 17; 20; 14; 15.57; -94.83| 4
2013; 8; 18; 10; 59; 15.92; -98.29| 4
2013; 8; 18; 18; 19; 18.18; -103.49| 4
2013; 8; 18; 20; 56; 14.1; -92.43| 4
2013; 8; 19; 5; 2; 15.65; -93.93| 4.8
2013; 8; 19; 5; 47; 16.93; -98.88| 4
2013; 8; 19; 6; 50; 20.01; -105.69| 4.1
2013; 8; 19; 8; 45; 15.06; -91.85| 4
2013; 8; 19; 9; 4; 16.83; -94.24| 4.1
2013; 8; 19; 16; 33; 14.03; -92.3| 4
2013; 8; 19; 21; 18; 16.63; -94.13| 4
2013; 8; 20; 0; 5; 15.76; -98.76| 4
2013; 8; 20; 4; 46; 14.7; -94.22| 4
2013; 8; 20; 10; 5; 16.25; -97.95| 4
2013; 8; 20; 17; 52; 16.68; -94.53| 4
2013; 8; 21; 2; 8; 15.26; -93.89| 4.1
2013; 8; 21; 3; 47; 15.35; -94.79| 4.1
2013; 8; 21; 4; 22; 16.77; -94.29| 4
2013; 8; 21; 7; 38; 16.79; -99.56| 6
2013; 8; 21; 7; 56; 16.73; -99.64| 4.5
2013; 8; 21; 8; 2; 16.73; -99.7| 5
2013; 8; 21; 10; 10; 14.51; -93.31| 4.1
2013; 8; 21; 13; 9; 16.73; -99.72| 4.2
2013; 8; 21; 16; 2; 19.16; -107.84| 4.1
2013; 8; 21; 23; 50; 16.6; -99.64| 4
2013; 8; 22; 0; 28; 14; -93.13| 4
2013; 8; 22; 7; 48; 17.3; -94.78| 4.1
2013; 8; 22; 8; 41; 16.65; -99.55| 4
2013; 8; 22; 20; 54; 30.93; -113.41| 4.2
2013; 8; 23; 0; 18; 16.74; -99.69| 4
2013; 8; 23; 2; 49; 16.55; -95.35| 4.1
2013; 8; 23; 8; 34; 19.27; -105.79| 4
2013; 8; 24; 2; 12; 15.01; -94.85| 4.4
2013; 8; 24; 13; 58; 15.57; -86.03| 5
2013; 8; 24; 22; 8; 13.52; -91.82| 4.4
2013; 8; 25; 6; 14; 29.92; -113.9| 4.2
2013; 8; 25; 21; 24; 16.75; -101.87| 4.1
2013; 8; 25; 23; 1; 17.43; -94.9| 4.1
2013; 8; 26; 7; 54; 16.65; -99.6| 4.8
2013; 8; 26; 11; 50; 15.09; -93.24| 4
2013; 8; 26; 17; 20; 16.82; -99.62| 4
2013; 8; 26; 18; 19; 18.23; -100.78| 4.3
2013; 8; 26; 18; 35; 17.24; -91.34| 4.1
2013; 8; 26; 21; 37; 14; -91.35| 4.3
2013; 8; 27; 0; 38; 16.41; -99.79| 4.1
2013; 8; 27; 1; 14; 17.31; -101.73| 4
2013; 8; 27; 1; 52; 17.05; -99.93| 4
2013; 8; 27; 3; 17; 14.48; -93.06| 4.1
2013; 8; 27; 5; 21; 15.66; -93.85| 4.1
2013; 8; 27; 7; 52; 29.87; -113.93| 4.2
2013; 8; 27; 9; 51; 17.28; -94.55| 4
2013; 8; 27; 15; 28; 15.65; -96.41| 4.2
2013; 8; 27; 21; 24; 27.62; -105.09| 4.1
2013; 8; 27; 21; 45; 27.76; -105.74| 4
2013; 8; 27; 23; 0; 27.75; -105.68| 4.2
2013; 8; 27; 23; 36; 27.74; -105.8| 4.2
2013; 8; 27; 23; 51; 27.74; -105.7| 4.1
2013; 8; 27; 23; 59; 27.79; -105.62| 4
2013; 8; 28; 13; 57; 27.78; -105.61| 4.3
2013; 8; 28; 14; 14; 14.24; -93.06| 4
2013; 8; 28; 15; 29; 27.77; -105.67| 4.5
2013; 8; 28; 21; 25; 27.62; -105.74| 4.3
2013; 8; 28; 22; 36; 27.68; -105.59| 4
2013; 8; 29; 3; 57; 27.74; -105.73| 4.1
2013; 8; 29; 8; 37; 27.51; -105.33| 4.1
2013; 8; 29; 8; 43; 27.73; -105.68| 4
2013; 8; 29; 13; 33; 27.76; -105.74| 4
2013; 8; 29; 16; 32; 15.1; -93.06| 4
2013; 8; 29; 19; 35; 16.26; -94.39| 4
2013; 8; 29; 19; 38; 29.9; -113.92| 4
2013; 8; 29; 21; 47; 16.71; -99.58| 4
2013; 8; 29; 22; 40; 16.78; -99.66| 4
2013; 8; 30; 4; 58; 16.43; -98.17| 4
2013; 8; 30; 9; 18; 17.01; -94.08| 4
2013; 8; 31; 18; 30; 14.42; -92.79| 4.3
2013; 9; 1; 15; 53; 13.01; -90.82| 4.1
2013; 9; 1; 20; 29; 27.67; -105.08| 4
2013; 9; 2; 14; 50; 26.37; -110.91| 4
2013; 9; 3; 11; 14; 20.25; -96.69| 4.2
2013; 9; 3; 18; 52; 25.36; -109.83| 4.1
2013; 9; 4; 4; 21; 13.67; -92.79| 4
2013; 9; 6; 4; 34; 27.65; -104.36| 4.2
2013; 9; 6; 19; 13; 14.34; -92.26| 6.1
2013; 9; 6; 19; 20; 14.14; -92| 5.4
2013; 9; 6; 19; 28; 14.38; -92.15| 5.1
2013; 9; 6; 20; 8; 14.1; -91.92| 4.9
2013; 9; 7; 0; 30; 14.2; -92.1| 4.5
2013; 9; 7; 3; 15; 13.48; -92.34| 4.1
2013; 9; 7; 3; 21; 14.11; -91.95| 4
2013; 9; 7; 6; 23; 14.17; -91.9| 4.4
2013; 9; 7; 8; 27; 13.67; -92.23| 4.1
2013; 9; 7; 10; 4; 14.13; -92.01| 4
2013; 9; 7; 19; 27; 14.12; -91.89| 4
2013; 9; 7; 21; 58; 13.6; -92.41| 4
2013; 9; 8; 15; 0; 14.23; -92.16| 4
2013; 9; 8; 16; 9; 14.32; -92.28| 4
2013; 9; 8; 19; 40; 13.04; -90.19| 4.4
2013; 9; 8; 22; 43; 16.64; -101.23| 4.1
2013; 9; 8; 23; 43; 16.28; -98.33| 4.6
2013; 9; 9; 0; 7; 16.47; -94.19| 4
2013; 9; 9; 4; 16; 14.46; -92.23| 4.3
2013; 9; 9; 4; 57; 13.41; -89.58| 4.3
2013; 9; 9; 11; 22; 14.28; -92.1| 4.1
2013; 9; 9; 13; 33; 14.4; -92.09| 4
2013; 9; 9; 18; 34; 17.01; -93.87| 4
2013; 9; 9; 19; 50; 14.1; -92.03| 4
2013; 9; 10; 7; 44; 14.45; -92.27| 4.3
2013; 9; 10; 13; 47; 14.43; -92.31| 4
2013; 9; 10; 14; 53; 14.12; -92| 4.1
2013; 9; 10; 15; 51; 14.24; -92.13| 4
2013; 9; 10; 21; 4; 27.28; -106.35| 4.5
2013; 9; 10; 22; 15; 27.17; -106.63| 4.4
2013; 9; 11; 0; 54; 15.98; -98.18| 4
2013; 9; 11; 2; 52; 14.29; -91.86| 4
2013; 9; 11; 4; 7; 18.15; -95.47| 4.2
2013; 9; 11; 5; 5; 14.16; -91.99| 4
2013; 9; 11; 9; 55; 27.15; -106.34| 4.3
2013; 9; 11; 10; 24; 27.59; -104.95| 4
2013; 9; 11; 20; 19; 27.37; -106.72| 4.5
2013; 9; 11; 22; 20; 27.17; -104.77| 4.2
2013; 9; 11; 22; 50; 14.86; -93.5| 4.1
2013; 9; 11; 23; 45; 15.45; -96.41| 4.2
2013; 9; 12; 8; 3; 14.13; -91.03| 5.2
2013; 9; 12; 12; 51; 27.54; -104.9| 4
2013; 9; 12; 14; 7; 13.25; -91.32| 4
2013; 9; 13; 1; 42; 14.21; -92.03| 4
2013; 9; 13; 2; 41; 27.78; -105.55| 4.2
2013; 9; 13; 2; 47; 27.32; -104.9| 4
2013; 9; 13; 6; 52; 27.79; -105.6| 4.1
2013; 9; 13; 9; 27; 15.8; -98.44| 4
2013; 9; 13; 18; 9; 13.73; -93.36| 4
2013; 9; 14; 5; 25; 32.48; -115.15| 4.2
2013; 9; 15; 0; 57; 14.33; -91.8| 4
2013; 9; 15; 4; 23; 27.78; -105.75| 4.8
2013; 9; 15; 10; 58; 19.57; -105.63| 4
2013; 9; 15; 22; 56; 17.18; -94.05| 4
2013; 9; 16; 10; 12; 27.76; -105.68| 4.2
2013; 9; 16; 16; 59; 13.89; -90.64| 4.4
2013; 9; 17; 1; 32; 14.18; -91.94| 4.1
2013; 9; 17; 3; 34; 26.74; -106.66| 4.1
2013; 9; 17; 6; 20; 17.09; -95.3| 4
2013; 9; 17; 8; 5; 27.63; -104.86| 4.1
2013; 9; 17; 9; 58; 14.37; -91.78| 4
2013; 9; 17; 10; 38; 17.22; -94.43| 4
2013; 9; 17; 22; 7; 15.88; -94.35| 4
2013; 9; 18; 7; 43; 16.1; -99.45| 4
2013; 9; 18; 11; 18; 16.79; -100.17| 4.1
2013; 9; 19; 9; 43; 14.51; -93.36| 4.2
2013; 9; 19; 13; 9; 15.61; -93.72| 4
2013; 9; 19; 17; 20; 14.35; -92.16| 4
2013; 9; 19; 20; 25; 17.83; -94.64| 4.6
2013; 9; 19; 22; 10; 15.22; -93.01| 4.3
2013; 9; 20; 17; 36; 13.59; -92.33| 4
2013; 9; 21; 7; 16; 27.79; -105.78| 5.4
2013; 9; 21; 7; 42; 27.8; -105.78| 4.9
2013; 9; 21; 9; 30; 27.78; -105.73| 4.3
2013; 9; 21; 12; 32; 14.18; -92.06| 4.3
2013; 9; 21; 14; 52; 13.75; -91.62| 4.1
2013; 9; 21; 16; 16; 17.29; -94.83| 4
2013; 9; 21; 16; 57; 15.77; -93.78| 4
2013; 9; 21; 19; 39; 15.72; -93.96| 4.1
2013; 9; 21; 23; 50; 14; -93.19| 4.2
2013; 9; 22; 7; 11; 27.88; -104.93| 4.2
2013; 9; 22; 7; 18; 14.01; -93.88| 4
2013; 9; 22; 8; 13; 27.57; -104.75| 4
2013; 9; 22; 8; 45; 14.15; -92| 4
2013; 9; 22; 20; 13; 27.4; -104.8| 4
2013; 9; 22; 21; 16; 27.35; -104.83| 4.1
2013; 9; 23; 1; 45; 20.34; -99.21| 4
2013; 9; 23; 10; 53; 14.28; -91.84| 4
2013; 9; 23; 16; 58; 14.48; -92.17| 4
2013; 9; 23; 17; 22; 14.71; -93.42| 4
2013; 9; 23; 19; 8; 15.36; -96.44| 4
2013; 9; 23; 20; 21; 16.58; -100.36| 4
2013; 9; 23; 23; 46; 18.75; -104.8| 4.2
2013; 9; 25; 18; 24; 17.23; -100.14| 4
2013; 9; 26; 1; 46; 13.85; -93.68| 5.7
2013; 9; 26; 2; 57; 14.1; -93.6| 4.4
2013; 9; 26; 5; 48; 14.01; -93.6| 4.3
2013; 9; 26; 10; 31; 14.05; -93.59| 4.1
2013; 9; 26; 11; 38; 14.11; -93.56| 4
2013; 9; 26; 12; 49; 14.17; -93.57| 4
2013; 9; 26; 20; 24; 14.41; -93.51| 4.1
2013; 9; 26; 20; 37; 14.13; -93.57| 4.1
2013; 9; 27; 0; 31; 14.26; -93.48| 4.1
2013; 9; 27; 0; 40; 14.11; -93.53| 4.8
2013; 9; 27; 2; 8; 14.14; -93.54| 4
2013; 9; 29; 14; 48; 16.69; -99.5| 4.2
2013; 9; 30; 13; 10; 16.41; -99.54| 4.2
2013; 9; 30; 13; 41; 14.35; -92.07| 4.2
2013; 9; 30; 16; 47; 15.35; -94.56| 4.2
2013; 9; 30; 17; 57; 14.14; -93.55| 4.4
2013; 9; 30; 18; 20; 17.48; -95.04| 4.5
2013; 10; 1; 5; 28; 13.88; -91.94| 4.1
2013; 10; 1; 13; 1; 15.59; -96.47| 4
2013; 10; 1; 13; 23; 15.45; -96.45| 4
2013; 10; 1; 13; 36; 14.55; -91.75| 4
2013; 10; 1; 23; 18; 18.76; -103.63| 4
2013; 10; 2; 0; 42; 27.8; -105.79| 4.1
2013; 10; 2; 1; 3; 17.4; -94.67| 4
2013; 10; 2; 1; 12; 32.15; -117.62| 4
2013; 10; 2; 1; 13; 27.81; -105.78| 4.2
2013; 10; 2; 1; 34; 18.19; -100.74| 4
2013; 10; 2; 11; 43; 18.41; -104.26| 4.3
2013; 10; 2; 16; 24; 13.78; -92.79| 4.2
2013; 10; 2; 17; 12; 29.12; -113.54| 4.3
2013; 10; 2; 17; 44; 18.95; -104.68| 4
2013; 10; 3; 0; 56; 14.09; -93.14| 4.2
2013; 10; 3; 3; 57; 14.19; -93.42| 4
2013; 10; 3; 12; 12; 27.78; -105.74| 4.2
2013; 10; 3; 14; 57; 27.71; -105.75| 4.1
2013; 10; 3; 14; 58; 14.5; -92.81| 4.5
2013; 10; 3; 18; 52; 14.77; -94.31| 4.2
2013; 10; 3; 20; 34; 16.78; -99.68| 4.1
2013; 10; 4; 2; 42; 27.8; -105.75| 4.3
2013; 10; 4; 3; 27; 16.5; -98.56| 4.1
2013; 10; 4; 6; 19; 27.75; -105.79| 4.8
2013; 10; 4; 17; 20; 29.63; -113.91| 4
2013; 10; 4; 23; 38; 15.7; -97.89| 4
2013; 10; 5; 16; 58; 14.21; -92.86| 4.5
2013; 10; 5; 22; 23; 16.59; -94.64| 4
2013; 10; 6; 1; 38; 15.88; -98.36| 4.1
2013; 10; 6; 9; 0; 16.83; -100.12| 4.2
2013; 10; 6; 9; 27; 16.83; -100.1| 4.9
2013; 10; 6; 9; 42; 16.86; -100.1| 4
2013; 10; 6; 10; 10; 16.81; -100.11| 5
2013; 10; 6; 10; 36; 16.85; -100.09| 4.2
2013; 10; 6; 14; 21; 16.85; -100.11| 4.2
2013; 10; 6; 15; 43; 27.72; -105.69| 4
2013; 10; 6; 17; 2; 14.18; -93.75| 4.1
2013; 10; 6; 17; 59; 30.37; -109.25| 4.2
2013; 10; 6; 22; 50; 27.78; -105.72| 4
2013; 10; 7; 0; 3; 25.91; -99.47| 4.1
2013; 10; 7; 0; 16; 27.79; -105.66| 4.5
2013; 10; 7; 1; 13; 15.01; -93.28| 4
2013; 10; 7; 1; 47; 27.71; -105.7| 4.1
2013; 10; 7; 16; 31; 27.78; -105.6| 4
2013; 10; 7; 18; 10; 32.39; -115.17| 4
2013; 10; 8; 6; 13; 14.47; -91.88| 4
2013; 10; 8; 6; 57; 16.47; -95.05| 4.2
2013; 10; 8; 8; 30; 18.3; -100.33| 4.1
2013; 10; 8; 14; 25; 16.43; -95.15| 4
2013; 10; 8; 14; 42; 16.75; -98.93| 4
2013; 10; 8; 19; 39; 14.76; -93.3| 4.1
2013; 10; 8; 21; 9; 14.42; -91.93| 4.2
2013; 10; 8; 22; 28; 27.75; -105.73| 4
2013; 10; 9; 1; 56; 16.81; -96.11| 4
2013; 10; 9; 2; 3; 27.73; -105.61| 4.3
2013; 10; 9; 3; 18; 32.52; -115.11| 4
2013; 10; 9; 10; 7; 16.25; -97.52| 4
2013; 10; 9; 14; 52; 23.37; -110.67| 4.2
2013; 10; 9; 20; 51; 17.25; -94.08| 4.1
2013; 10; 10; 3; 14; 17.14; -100.16| 4
2013; 10; 10; 5; 53; 15.62; -95.92| 4
2013; 10; 10; 11; 27; 16.09; -96.98| 4
2013; 10; 10; 11; 59; 15.9; -98.43| 4
2013; 10; 10; 21; 29; 14.05; -92.62| 4
2013; 10; 11; 2; 21; 17.1; -99.84| 4
2013; 10; 11; 12; 29; 27.76; -105.8| 4.5
2013; 10; 11; 13; 4; 27.71; -105.63| 4.3
2013; 10; 11; 14; 15; 27.6; -105.65| 4.1
2013; 10; 11; 15; 49; 27.63; -105.71| 4.2
2013; 10; 11; 15; 51; 14.97; -93.18| 4.1
2013; 10; 11; 16; 55; 27.71; -105.67| 4.1
2013; 10; 11; 17; 27; 27.61; -105.68| 4
2013; 10; 11; 19; 18; 27.58; -105.76| 4.1
2013; 10; 11; 19; 21; 27.65; -105.75| 4.1
2013; 10; 11; 19; 44; 27.52; -105.78| 4.1
2013; 10; 11; 20; 9; 27.52; -105.64| 4.1
2013; 10; 11; 21; 20; 27.7; -105.69| 4.3
2013; 10; 12; 3; 58; 27.6; -105.75| 4
2013; 10; 12; 7; 10; 27.68; -105.73| 4.2
2013; 10; 12; 8; 18; 17.17; -100.7| 4
2013; 10; 15; 2; 28; 14.37; -93.43| 4.3
2013; 10; 15; 5; 14; 17.1; -100.21| 4.1
2013; 10; 15; 5; 24; 27.8; -105.52| 4.3
2013; 10; 16; 0; 21; 20.82; -105.07| 4.2
2013; 10; 16; 3; 9; 14.82; -93.99| 4.1
2013; 10; 17; 19; 40; 15.63; -92.74| 4.3
2013; 10; 17; 21; 43; 16.7; -96.43| 4
2013; 10; 17; 22; 11; 27.8; -105.52| 4.1
2013; 10; 18; 7; 6; 27.85; -105.57| 4
2013; 10; 18; 11; 41; 15.65; -96.03| 4
2013; 10; 18; 12; 24; 15.73; -96| 4
2013; 10; 18; 20; 44; 16.01; -96.72| 4.1
2013; 10; 18; 20; 57; 17.39; -100.75| 4
2013; 10; 18; 22; 54; 27.68; -105.72| 4
2013; 10; 18; 22; 55; 17; -95.22| 4.3
2013; 10; 18; 23; 57; 27.73; -105.63| 4.1
2013; 10; 19; 1; 13; 27.55; -105.28| 4
2013; 10; 19; 2; 35; 16.46; -96.07| 4
2013; 10; 19; 10; 25; 18.13; -94.39| 4
2013; 10; 19; 12; 54; 26.09; -110.46| 6.3
2013; 10; 19; 17; 14; 26.26; -110.67| 4.4
2013; 10; 19; 18; 32; 26.21; -110.69| 4
2013; 10; 19; 19; 29; 27.66; -105.91| 4
2013; 10; 19; 20; 36; 17.1; -95.42| 4.1
2013; 10; 19; 21; 8; 18.2; -100.57| 4
2013; 10; 19; 23; 17; 27.73; -105.54| 4.1
2013; 10; 20; 0; 38; 19.52; -92.21| 4.3
2013; 10; 20; 1; 57; 15.93; -96.04| 4.1
2013; 10; 20; 8; 0; 32.47; -115.18| 4
2013; 10; 20; 8; 17; 16.37; -98.37| 4.4
2013; 10; 20; 8; 36; 16.43; -98.45| 4.1
2013; 10; 20; 17; 50; 27.76; -105.39| 4.5
2013; 10; 20; 22; 21; 14.25; -92.11| 4
2013; 10; 21; 0; 43; 27.9; -105.51| 4
2013; 10; 21; 11; 19; 18.15; -93.34| 4
2013; 10; 22; 8; 47; 15.63; -93.55| 4.8
2013; 10; 22; 14; 45; 16.35; -97.8| 4
2013; 10; 22; 20; 26; 17.51; -95.23| 4.2
2013; 10; 23; 4; 31; 27.7; -105.68| 4.3
2013; 10; 23; 6; 55; 27.73; -105.87| 4.1
2013; 10; 23; 13; 26; 16.89; -100.43| 4
2013; 10; 23; 18; 26; 13.91; -92.62| 4.5
2013; 10; 23; 20; 33; 17.84; -100.86| 4
2013; 10; 24; 0; 0; 16.11; -95.64| 4.6
2013; 10; 24; 0; 22; 14.83; -93.8| 4
2013; 10; 24; 1; 28; 16.03; -95.65| 4
2013; 10; 24; 5; 30; 27.57; -105.75| 4.1
2013; 10; 24; 7; 22; 16.13; -95.65| 4
2013; 10; 24; 7; 41; 16.01; -95.68| 4
2013; 10; 24; 15; 16; 15.64; -94.23| 4
2013; 10; 25; 9; 32; 16.73; -99.73| 4.1
2013; 10; 27; 7; 44; 14.11; -93.5| 4.1
2013; 10; 27; 8; 41; 16.27; -98.25| 4.1
2013; 10; 27; 22; 10; 16.09; -96.43| 4.1
2013; 10; 28; 13; 36; 15.81; -98.58| 4.3
2013; 10; 28; 17; 25; 14.96; -94.28| 4.2
2013; 10; 28; 20; 21; 17.03; -96.17| 4
2013; 10; 29; 8; 24; 15.21; -94.72| 4
2013; 10; 29; 9; 31; 15.44; -94.76| 4.2
2013; 10; 29; 16; 25; 17.32; -100.98| 4.1
2013; 10; 29; 16; 38; 15.73; -95.9| 4.2
2013; 10; 30; 0; 8; 14.96; -92.99| 4.1
2013; 10; 30; 9; 8; 15.63; -94.08| 4
2013; 10; 30; 11; 15; 16.11; -97.31| 4
2013; 10; 31; 8; 53; 14.03; -91.27| 4.4
2013; 10; 31; 9; 8; 26.31; -110.57| 4.2
2013; 10; 31; 23; 15; 15.9; -96.56| 4.2
2013; 11; 1; 0; 44; 27.8; -105.59| 4.1
2013; 11; 1; 2; 35; 27.75; -105.72| 4.1
2013; 11; 1; 3; 19; 27.83; -105.9| 4
2013; 11; 2; 15; 58; 14.68; -94.85| 4
2013; 11; 5; 11; 55; 16.7; -100.17| 4.1
2013; 11; 6; 0; 1; 14.97; -91.87| 4
2013; 11; 7; 0; 52; 13.99; -92.03| 4.3
2013; 11; 8; 9; 41; 16.45; -96.17| 4.1
2013; 11; 8; 17; 28; 17.34; -100.6| 4.1
2013; 11; 8; 19; 47; 17.69; -99.53| 4
2013; 11; 10; 20; 32; 17.23; -100.07| 4
2013; 11; 11; 0; 55; 27.24; -106.42| 4
2013; 11; 11; 23; 22; 30.12; -114.58| 4
2013; 11; 12; 0; 16; 14.75; -94.01| 4
2013; 11; 12; 5; 33; 15.02; -92.57| 4
2013; 11; 13; 3; 7; 15.66; -96.32| 4
2013; 11; 13; 23; 7; 16.59; -94.56| 4.2
2013; 11; 13; 23; 49; 15.56; -95.79| 4.2
2013; 11; 13; 23; 52; 19.73; -105.51| 4
2013; 11; 14; 0; 58; 17.58; -102.2| 4
2013; 11; 14; 22; 9; 13.78; -91.02| 4
2013; 11; 18; 19; 35; 16.25; -97.93| 4
2013; 11; 19; 17; 48; 14.18; -92.92| 4
2013; 11; 20; 6; 52; 27.96; -112.03| 4.3
2013; 11; 20; 9; 55; 13.95; -92.8| 4
2013; 11; 20; 15; 53; 13.53; -91.17| 4
2013; 11; 21; 13; 24; 27.76; -105.56| 4
2013; 11; 22; 18; 26; 15.88; -94.02| 4
2013; 11; 22; 23; 21; 13.8; -92.73| 4
2013; 11; 23; 0; 31; 14.12; -92.11| 4.2
2013; 11; 23; 0; 49; 13.63; -92.72| 4.9
2013; 11; 23; 13; 4; 13.67; -92.74| 4.1
2013; 11; 23; 13; 19; 13.63; -92.67| 4.1
2013; 11; 23; 15; 24; 13.62; -92.51| 4.1
2013; 11; 23; 18; 33; 16.11; -95.7| 4.1
2013; 11; 23; 21; 28; 20.09; -105.32| 4.1
2013; 11; 23; 22; 56; 13.6; -91.35| 4.2
2013; 11; 23; 23; 13; 13.8; -92.64| 4
2013; 11; 24; 6; 3; 16.27; -98.99| 4
2013; 11; 24; 12; 16; 13.23; -91.1| 4
2013; 11; 25; 3; 54; 13.29; -91.66| 4.8
2013; 11; 25; 16; 25; 25.53; -99.45| 4
2013; 11; 25; 16; 46; 13.81; -93.12| 4
2013; 11; 25; 18; 42; 13.52; -91.38| 4
2013; 11; 26; 1; 13; 25.65; -99.23| 4.5
2013; 11; 26; 21; 2; 16.23; -94.17| 4.2
2013; 11; 27; 1; 25; 15.25; -95.56| 4
2013; 11; 29; 10; 1; 13.18; -89.17| 4.7
2013; 11; 29; 16; 33; 16.4; -94.71| 4
2013; 11; 29; 20; 23; 25.6; -99.33| 4
2013; 11; 30; 19; 30; 17.35; -101.76| 5
2013; 11; 30; 19; 57; 17.42; -101.58| 4.4
2013; 11; 30; 21; 20; 17.32; -101.7| 5.4
2013; 11; 30; 22; 12; 17.32; -101.72| 4
2013; 12; 1; 0; 2; 17.36; -101.71| 4.2
2013; 12; 1; 21; 1; 17.31; -101.61| 4
2013; 12; 2; 19; 19; 15.57; -95.86| 4.1
2013; 12; 3; 2; 16; 13.91; -93.22| 4
2013; 12; 3; 6; 17; 15.89; -95.52| 4.3
2013; 12; 3; 14; 17; 13.82; -92.8| 4.1
2013; 12; 4; 1; 25; 15.81; -98.47| 4.9
2013; 12; 4; 21; 11; 13.4; -91.87| 4.2
2013; 12; 5; 14; 34; 15.78; -95.24| 4.5
2013; 12; 5; 19; 17; 14.19; -92.01| 4.1
2013; 12; 6; 16; 12; 15.95; -98.61| 4.2
2013; 12; 6; 19; 55; 16.06; -94.92| 4
2013; 12; 6; 22; 54; 13.5; -92.29| 4.1
2013; 12; 6; 23; 32; 16.13; -98.6| 4.5
2013; 12; 6; 23; 36; 16.21; -98.82| 4
2013; 12; 7; 0; 2; 15.94; -98.5| 4
2013; 12; 7; 15; 11; 19.61; -107.21| 4.6
2013; 12; 7; 16; 56; 17.56; -105.45| 4.3
2013; 12; 10; 13; 38; 15.68; -98.57| 4.2
2013; 12; 10; 13; 43; 16.07; -98.63| 4.1
2013; 12; 10; 16; 34; 14.36; -92.58| 4.2
2013; 12; 10; 18; 46; 19.53; -108.92| 5.2
2013; 12; 11; 1; 50; 27.79; -105.66| 4
2013; 12; 11; 2; 46; 17.18; -94.94| 4
2013; 12; 11; 14; 22; 27.4; -111.29| 4.2
2013; 12; 12; 7; 30; 14.58; -93.03| 4.3
2013; 12; 12; 14; 35; 14.11; -91.99| 4.1
2013; 12; 13; 4; 43; 16.92; -94.77| 4.1
2013; 12; 13; 10; 18; 25.9; -110.2| 4.1
2013; 12; 14; 8; 57; 14.23; -91.83| 4.1
2013; 12; 14; 16; 33; 19.43; -103.72| 4.4
2013; 12; 14; 20; 1; 15.63; -95.93| 4
2013; 12; 15; 2; 9; 15.2; -93.27| 4.1
2013; 12; 15; 2; 15; 17.41; -97.1| 4
2013; 12; 15; 9; 2; 15.62; -98.5| 4.2
2013; 12; 15; 22; 5; 16.23; -94.78| 4.1
2013; 12; 16; 4; 52; 16.44; -96.15| 4.1
2013; 12; 16; 13; 56; 16.88; -99.61| 4
2013; 12; 18; 20; 43; 17.62; -94.99| 4.3
2013; 12; 19; 9; 33; 14.1; -92.6| 4
2013; 12; 19; 15; 16; 16.57; -95.27| 4
2013; 12; 19; 23; 27; 31.11; -115.92| 5.2
2013; 12; 20; 5; 17; 15.91; -98.39| 4
2013; 12; 20; 8; 17; 17.51; -94.75| 4
2013; 12; 20; 10; 29; 15.63; -95.48| 4.5
2013; 12; 20; 10; 52; 15.76; -95.54| 4
2013; 12; 20; 21; 4; 13.64; -92.92| 4.3
2013; 12; 20; 22; 32; 18.19; -100.27| 4.1
2013; 12; 20; 23; 57; 16.99; -99.53| 4
2013; 12; 21; 4; 38; 13.66; -91.31| 4.2
2013; 12; 21; 11; 54; 17.3; -94.73| 4.1
2013; 12; 21; 15; 5; 16.17; -95.67| 4
2013; 12; 21; 21; 59; 16.64; -94.56| 4.2
2013; 12; 22; 2; 47; 29.64; -114.1| 4.2
2013; 12; 22; 5; 52; 25.6; -99.39| 4
2013; 12; 22; 8; 57; 30.66; -114.44| 4.1
2013; 12; 22; 13; 57; 32.32; -115.37| 4.2
2013; 12; 22; 14; 25; 16.76; -94.45| 4
2013; 12; 22; 17; 30; 13.54; -90.15| 4.5
2013; 12; 23; 5; 23; 17.61; -91.16| 4.3
2013; 12; 23; 8; 41; 13.35; -92.63| 4
2013; 12; 25; 14; 25; 17.79; -94.79| 4
2013; 12; 25; 18; 18; 32.61; -116.27| 4.2
2013; 12; 25; 20; 9; 14.51; -92.42| 4.3
2013; 12; 26; 0; 15; 27.93; -112.03| 4.3
2013; 12; 31; 1; 48; 16.21; -98.48| 4.2
2013; 12; 31; 4; 22; 13.9; -92.37| 4.6
2013; 12; 31; 7; 38; 15.25; -93.38| 4
2013; 12; 31; 13; 38; 17.01; -95.05| 4
2013; 12; 31; 20; 50; 16.6; -93.97| 4.1
2014; 1; 1; 10; 7; 15.93; -98.66| 4.1
2014; 1; 1; 13; 3; 14.93; -99.71| 4
2014; 1; 1; 17; 5; 17.75; -95.65| 4
2014; 1; 1; 21; 21; 18.53; -101.65| 4
2014; 1; 1; 23; 43; 14.3; -92.23| 4
2014; 1; 1; 23; 56; 17.03; -100.82| 4
2014; 1; 2; 0; 19; 13.9; -91.46| 4.1
2014; 1; 2; 4; 37; 17.94; -99.77| 4
2014; 1; 2; 9; 19; 14.19; -91.53| 4.9
2014; 1; 2; 14; 23; 16.86; -100.2| 4.1
2014; 1; 2; 17; 53; 16.08; -97.96| 4.7
2014; 1; 2; 20; 34; 17.99; -103.31| 4
2014; 1; 2; 22; 18; 13.83; -92.1| 4
2014; 1; 3; 3; 20; 15.7; -93.69| 4
2014; 1; 3; 13; 23; 15.43; -94.76| 4
2014; 1; 4; 19; 52; 13.98; -91.54| 4.1
2014; 1; 5; 2; 37; 16.61; -99.71| 4.2
2014; 1; 5; 23; 15; 15.88; -94.06| 4
2014; 1; 7; 0; 9; 18.07; -99.81| 4.3
2014; 1; 7; 3; 13; 31.49; -114.49| 4
2014; 1; 8; 9; 17; 17.62; -94.89| 4.1
2014; 1; 8; 17; 15; 15.96; -98.03| 4.2
2014; 1; 9; 6; 27; 13.4; -89.98| 4
2014; 1; 9; 20; 14; 14.52; -92.23| 5
2014; 1; 10; 21; 21; 15.28; -94.12| 4
2014; 1; 11; 7; 10; 14.49; -92.17| 5.5
2014; 1; 11; 19; 32; 15.22; -96.37| 4.1
2014; 1; 12; 7; 49; 17.76; -101.7| 4
2014; 1; 12; 11; 23; 16.79; -93.93| 4
2014; 1; 12; 18; 54; 17.19; -94.56| 4.1
2014; 1; 13; 17; 3; 13.99; -91.82| 5
2014; 1; 13; 21; 48; 16.35; -98.53| 4
2014; 1; 14; 20; 1; 18.25; -101.85| 4
2014; 1; 14; 20; 4; 18.23; -101.79| 4.1
2014; 1; 15; 18; 24; 26.74; -110.93| 4.1
2014; 1; 15; 19; 15; 13.77; -90.4| 4.3
2014; 1; 15; 20; 45; 16.93; -95.02| 4.3
2014; 1; 16; 3; 49; 17.52; -92.85| 4.1
2014; 1; 17; 12; 6; 14.46; -92.79| 4
2014; 1; 17; 21; 3; 17.76; -91.43| 4.3
2014; 1; 18; 3; 12; 17.62; -101.58| 4
2014; 1; 18; 7; 14; 13.44; -93.23| 4.1
2014; 1; 18; 17; 57; 17.28; -100.7| 4
2014; 1; 18; 18; 18; 15.91; -98.82| 4.3
2014; 1; 18; 18; 21; 15.85; -98.83| 4.1
2014; 1; 18; 19; 42; 16.09; -97.95| 4.1
2014; 1; 18; 20; 14; 15.88; -98.81| 4.2
2014; 1; 18; 20; 22; 15.8; -98.87| 4.1
2014; 1; 19; 5; 13; 17.04; -101.32| 4.1
2014; 1; 19; 23; 16; 26.88; -104.82| 4
2014; 1; 20; 2; 38; 27.67; -105.76| 4.4
2014; 1; 20; 17; 49; 17.1; -101.27| 4
2014; 1; 21; 16; 30; 15.96; -94.71| 4.2
2014; 1; 22; 11; 13; 16.87; -93.9| 4.9
2014; 1; 23; 1; 29; 13.08; -88.78| 5
2014; 1; 25; 3; 30; 14.04; -91.76| 4
2014; 1; 25; 4; 18; 13.66; -92.56| 4.1
2014; 1; 25; 19; 15; 17.69; -94.77| 4
2014; 1; 26; 1; 1; 16.16; -99.01| 4
2014; 1; 26; 8; 3; 14.01; -93.12| 4.1
2014; 1; 26; 11; 46; 18.33; -105.41| 4.2
2014; 1; 26; 14; 9; 17.19; -101.42| 4
2014; 1; 26; 17; 0; 27.64; -105.72| 4.5
2014; 1; 26; 22; 6; 27.5; -104.98| 4
2014; 1; 26; 23; 4; 16.91; -100.51| 4
2014; 1; 28; 10; 14; 24.45; -111.8| 4.1
2014; 1; 31; 10; 4; 16.67; -94.85| 4
2014; 2; 1; 1; 15; 16.32; -98.41| 4
2014; 2; 1; 9; 25; 18.15; -103.31| 4
2014; 2; 1; 11; 39; 14.11; -91.63| 4
2014; 2; 3; 10; 59; 17.37; -97.2| 4.3
2014; 2; 3; 11; 11; 27.76; -105.52| 4
2014; 2; 3; 21; 3; 17.87; -105.93| 4.7
2014; 2; 4; 12; 3; 13.53; -92| 4.3
2014; 2; 4; 14; 56; 15.87; -94.35| 4.2
2014; 2; 4; 15; 25; 16.46; -94.99| 4.1
2014; 2; 6; 12; 5; 18.19; -101.03| 4.1
2014; 2; 6; 15; 57; 15.79; -91.95| 4.1
2014; 2; 6; 21; 36; 16.65; -94.08| 4
2014; 2; 8; 14; 5; 16.29; -98.28| 4
2014; 2; 8; 23; 28; 14.28; -93.93| 4.2
2014; 2; 9; 2; 14; 14.29; -93.91| 4.2
2014; 2; 9; 22; 9; 17.93; -105.42| 4.6
2014; 2; 10; 3; 29; 18.76; -103.02| 4
2014; 2; 10; 10; 39; 15.38; -96.18| 4.2
2014; 2; 11; 11; 42; 15.5; -95.82| 4.2
2014; 2; 11; 15; 42; 14.2; -92.76| 4
2014; 2; 11; 20; 32; 14.39; -92.24| 4
2014; 2; 12; 1; 43; 16.25; -91.01| 4
2014; 2; 12; 8; 16; 17.62; -97.55| 4.1
2014; 2; 12; 12; 0; 13.78; -92.32| 4.4
2014; 2; 12; 12; 30; 16.83; -99.59| 4
2014; 2; 12; 14; 39; 18.11; -103.39| 4
2014; 2; 13; 6; 36; 16.01; -90.83| 4
2014; 2; 13; 13; 10; 17.32; -101.66| 4.1
2014; 2; 13; 15; 3; 27.94; -105.72| 4
2014; 2; 13; 20; 12; 15.35; -92.43| 4.8
2014; 2; 13; 23; 18; 16.92; -100.93| 4.1
2014; 2; 14; 10; 57; 14.21; -91.83| 4
2014; 2; 14; 12; 9; 14.41; -94.47| 4.1
2014; 2; 14; 15; 53; 15.38; -96.16| 4.1
2014; 2; 15; 22; 16; 15.19; -93.29| 4
2014; 2; 16; 6; 48; 13.35; -91.44| 4.7
2014; 2; 16; 17; 7; 13.27; -91.37| 4.4
2014; 2; 16; 18; 4; 13.24; -91.31| 4.4
2014; 2; 17; 7; 50; 16.45; -93.88| 4
2014; 2; 18; 1; 50; 16.22; -94.48| 4
2014; 2; 18; 8; 14; 18.13; -100.41| 4
2014; 2; 18; 22; 0; 31.45; -115.51| 4
2014; 2; 19; 3; 50; 16.93; -95.31| 4
2014; 2; 19; 5; 32; 17.49; -95.68| 4
2014; 2; 19; 6; 3; 17.86; -99.72| 4
2014; 2; 19; 6; 49; 27.89; -105.67| 4
2014; 2; 19; 20; 7; 13.47; -91.16| 4.6
2014; 2; 20; 5; 20; 13.59; -91.72| 4.1
2014; 2; 20; 14; 35; 16.28; -98.25| 4
2014; 2; 20; 16; 55; 16.16; -94.47| 4
2014; 2; 20; 18; 40; 15.09; -91.48| 4
2014; 2; 20; 21; 33; 15.95; -95.63| 4.1
2014; 2; 21; 10; 47; 19.1; -104.15| 4
2014; 2; 21; 12; 52; 15.82; -98.77| 4.1
2014; 2; 21; 17; 26; 14.2; -93.08| 4
2014; 2; 22; 9; 0; 14.78; -94.04| 4
2014; 2; 22; 9; 31; 15.24; -94.76| 4.1
2014; 2; 22; 10; 8; 17.43; -94.62| 4
2014; 2; 23; 3; 21; 18.04; -103.33| 4.1
2014; 2; 23; 22; 4; 15.81; -96.96| 4.7
2014; 2; 24; 21; 4; 14.1; -93.44| 4.2
2014; 2; 25; 15; 45; 16.01; -97.56| 4
2014; 2; 26; 16; 1; 14.72; -93.75| 4
2014; 2; 27; 5; 31; 14.24; -93.23| 4.6
2014; 2; 27; 10; 25; 14; -93.11| 4.3
2014; 2; 27; 22; 33; 15.87; -97.71| 4
2014; 2; 28; 6; 16; 17.46; -101.8| 4.1
2014; 2; 28; 11; 22; 14; -92.4| 4.8
2014; 2; 28; 11; 38; 13.91; -92.26| 4.3
2014; 2; 28; 12; 39; 13.87; -92.3| 4.1
2014; 2; 28; 13; 5; 13.96; -92.32| 4.8
2014; 3; 1; 1; 24; 17.37; -95.04| 4.1
2014; 3; 1; 7; 18; 13.9; -93.16| 4.1
2014; 3; 1; 17; 33; 14.03; -92.24| 4.1
2014; 3; 2; 0; 1; 27.82; -105.01| 4.2
2014; 3; 2; 11; 30; 25.52; -99.59| 4.3
2014; 3; 2; 16; 17; 14.08; -93.26| 5.7
2014; 3; 2; 16; 26; 14.18; -93.23| 5.1
2014; 3; 2; 16; 30; 14.11; -93.16| 4.7
2014; 3; 2; 18; 32; 14.09; -93.21| 5.1
2014; 3; 2; 21; 29; 14.2; -93.17| 4.5
2014; 3; 3; 0; 10; 14.07; -93.26| 4.7
2014; 3; 3; 0; 27; 14.39; -93.08| 4
2014; 3; 3; 0; 38; 14.22; -93.06| 4
2014; 3; 3; 14; 39; 14.13; -93.11| 4.3
2014; 3; 4; 1; 58; 13.42; -91.29| 4
2014; 3; 4; 12; 16; 27.84; -105.2| 4.1
2014; 3; 4; 15; 22; 16.62; -100.66| 4.4
2014; 3; 4; 15; 33; 16.64; -100.62| 4.3
2014; 3; 4; 20; 24; 31.75; -118.88| 5.2
2014; 3; 5; 8; 40; 25.5; -99.59| 4.2
2014; 3; 5; 11; 51; 28.21; -112.55| 4.4
2014; 3; 6; 0; 50; 28.16; -112.47| 4.1
2014; 3; 6; 3; 5; 27.86; -104.86| 4
2014; 3; 6; 7; 11; 16.21; -98.02| 4.1
2014; 3; 7; 2; 13; 14.16; -93.2| 4
2014; 3; 8; 14; 19; 13.97; -90.38| 4
2014; 3; 8; 14; 54; 13.86; -91.3| 4.1
2014; 3; 8; 20; 58; 16.05; -90.23| 4.1
2014; 3; 9; 2; 45; 14.06; -91.62| 4.2
2014; 3; 9; 10; 10; 13.88; -93.26| 4.2
2014; 3; 9; 18; 37; 15.79; -98.55| 5.8
2014; 3; 10; 4; 29; 17.85; -101.52| 4.2
2014; 3; 10; 7; 25; 14.51; -94.01| 4
2014; 3; 10; 9; 26; 13.59; -91.34| 4
2014; 3; 10; 19; 20; 13.68; -92.6| 4
2014; 3; 11; 2; 44; 16.46; -99.02| 4
2014; 3; 11; 4; 52; 14.14; -93.45| 4.1
2014; 3; 11; 6; 3; 14.13; -93.43| 4.2
2014; 3; 11; 8; 28; 25.51; -99.67| 4
2014; 3; 12; 5; 40; 14.01; -93.25| 4
2014; 3; 12; 6; 9; 13.73; -91.49| 4.1
2014; 3; 12; 9; 56; 14.02; -91.61| 4
2014; 3; 12; 11; 3; 14.27; -92.11| 4
2014; 3; 12; 19; 21; 16.24; -98.83| 4.7
2014; 3; 12; 20; 47; 15.86; -98.69| 4
2014; 3; 14; 3; 31; 16.07; -94.13| 4.3
2014; 3; 14; 20; 1; 15.97; -98.67| 4.4
2014; 3; 16; 7; 21; 14.51; -92.98| 4
2014; 3; 16; 21; 9; 15.91; -98.41| 4.1
2014; 3; 17; 0; 41; 15.81; -98.37| 4
2014; 3; 17; 6; 12; 14.29; -93.38| 4
2014; 3; 17; 19; 15; 29.37; -115.08| 4
2014; 3; 18; 17; 41; 25.45; -99.6| 4.2
2014; 3; 19; 8; 4; 13.72; -91.65| 4
2014; 3; 20; 4; 24; 30.29; -114.24| 4
2014; 3; 21; 3; 20; 30.1; -113.97| 4
2014; 3; 21; 3; 34; 31.47; -113.97| 4
2014; 3; 21; 3; 58; 30.6; -114.11| 4
2014; 3; 21; 6; 2; 18.28; -95.42| 4
2014; 3; 21; 11; 37; 30.39; -114.05| 5.3
2014; 3; 21; 11; 50; 30.42; -114.02| 5.1
2014; 3; 21; 15; 10; 16.68; -94.55| 4
2014; 3; 21; 17; 29; 17.33; -94.47| 4
2014; 3; 21; 18; 58; 30.39; -114.09| 5.6
2014; 3; 21; 21; 49; 30.46; -114.09| 4.1
2014; 3; 21; 22; 47; 30.36; -114.13| 4
2014; 3; 22; 3; 20; 30.17; -114.2| 4
2014; 3; 22; 3; 52; 17.04; -96.96| 4
2014; 3; 22; 13; 49; 21.29; -106.18| 4.7
2014; 3; 22; 20; 46; 16.57; -98.41| 4
2014; 3; 23; 3; 30; 16.72; -99.74| 4
2014; 3; 23; 5; 51; 15.47; -95.61| 4
2014; 3; 24; 2; 46; 17.32; -94.62| 4
2014; 3; 24; 4; 29; 17.04; -100.7| 4
2014; 3; 24; 18; 49; 30.6; -114.06| 4.1
2014; 3; 24; 23; 24; 30.58; -114.15| 4.1
2014; 3; 24; 23; 27; 31.56; -113.92| 4.3
2014; 3; 25; 0; 35; 17.47; -90.95| 4
2014; 3; 25; 1; 41; 14.22; -92.88| 4.1
2014; 3; 25; 3; 24; 20.37; -110.66| 4
2014; 3; 25; 9; 36; 17.82; -101.12| 4
2014; 3; 25; 10; 42; 13.8; -92.89| 4.1
2014; 3; 25; 22; 42; 16.17; -95.75| 4.6
2014; 3; 26; 1; 0; 30.26; -114.05| 4.3
2014; 3; 26; 7; 9; 15.94; -94.22| 4.1
2014; 3; 26; 8; 38; 13.92; -93.11| 4
2014; 3; 27; 2; 53; 17.28; -101.28| 4.1
2014; 3; 27; 14; 40; 14.38; -93.35| 4
2014; 3; 27; 16; 19; 13.63; -91.52| 4.2
2014; 3; 28; 12; 37; 15.21; -95.03| 4
2014; 3; 29; 15; 11; 18.56; -101.29| 4
2014; 3; 30; 8; 51; 14.15; -92.24| 4
2014; 3; 30; 10; 21; 17.74; -98.22| 4.1
2014; 4; 1; 0; 30; 15.19; -93.4| 4
2014; 4; 1; 6; 37; 17.36; -94.64| 4
2014; 4; 1; 17; 23; 15.66; -96.83| 4.3
2014; 4; 1; 17; 30; 16.82; -100.14| 4
2014; 4; 2; 2; 51; 16.62; -94.88| 4.1
2014; 4; 2; 13; 6; 25.46; -99.58| 4.1
2014; 4; 2; 15; 5; 25.51; -99.48| 4
2014; 4; 3; 5; 41; 27.67; -111.67| 4.7
2014; 4; 3; 19; 2; 18.09; -100.73| 4
2014; 4; 4; 14; 54; 16.34; -96.08| 4
2014; 4; 5; 5; 38; 15.39; -94.25| 4.1
2014; 4; 5; 5; 38; 16.24; -98.21| 4
2014; 4; 5; 13; 8; 14.15; -93.11| 4.1
2014; 4; 5; 17; 6; 13.98; -93.14| 4.1
2014; 4; 5; 21; 26; 14.3; -93.09| 4
2014; 4; 6; 0; 27; 14.06; -92.49| 4.2
2014; 4; 6; 5; 1; 14.07; -91.76| 4
2014; 4; 6; 8; 4; 13.77; -91.82| 4.8
2014; 4; 7; 2; 20; 13.88; -93.11| 4
2014; 4; 7; 8; 22; 17.41; -94.63| 4.4
2014; 4; 7; 8; 32; 14.36; -92.77| 4.5
2014; 4; 8; 4; 8; 17.73; -95.12| 4.3
2014; 4; 9; 1; 25; 28.01; -112.14| 4.3
2014; 4; 9; 7; 6; 16.91; -99.1| 4
2014; 4; 9; 10; 22; 15.99; -98.66| 4
2014; 4; 10; 12; 0; 15.75; -94.5| 4.1
2014; 4; 11; 2; 20; 15.51; -93.53| 4
2014; 4; 11; 3; 45; 17.8; -101.34| 4
2014; 4; 11; 23; 23; 15.23; -94.13| 4.3
2014; 4; 13; 1; 45; 17.77; -95.08| 4.4
2014; 4; 13; 3; 54; 15.35; -104.6| 4.3
2014; 4; 13; 6; 13; 15.42; -105.12| 4.4
2014; 4; 13; 13; 14; 15.99; -92.94| 4.2
2014; 4; 14; 8; 19; 15.24; -91.86| 4.4
2014; 4; 15; 3; 50; 13.96; -91.63| 4.3
2014; 4; 15; 18; 14; 13.73; -92.87| 4.1
2014; 4; 15; 20; 43; 14.2; -93.24| 4.2
2014; 4; 16; 3; 14; 15.8; -97.15| 4
2014; 4; 16; 4; 15; 14.54; -95.13| 4.2
2014; 4; 17; 22; 51; 15.53; -93.91| 4.2
2014; 4; 17; 23; 22; 15.22; -95.07| 4.1
2014; 4; 18; 1; 26; 17.15; -95.65| 4
2014; 4; 18; 9; 23; 17.17; -101.18| 4
2014; 4; 18; 9; 27; 17.18; -101.19| 7.2
2014; 4; 18; 9; 57; 17.36; -101.38| 4.8
2014; 4; 18; 10; 42; 17.37; -101.55| 4.1
2014; 4; 18; 10; 47; 17.2; -101.47| 4
2014; 4; 18; 10; 54; 17.33; -101.3| 4.8
2014; 4; 18; 12; 1; 17.29; -101.23| 4.1
2014; 4; 18; 12; 7; 17.24; -101.25| 4.1
2014; 4; 18; 15; 7; 17.2; -101.5| 4
2014; 4; 18; 18; 49; 17.72; -101.34| 4
2014; 4; 19; 1; 52; 17.23; -101.23| 4.4
2014; 4; 19; 7; 2; 16.09; -91.26| 4.2
2014; 4; 19; 9; 58; 17.24; -101.45| 5.2
2014; 4; 19; 10; 59; 17.37; -101.3| 4.4
2014; 4; 19; 12; 33; 14.32; -91.28| 4.7
2014; 4; 19; 13; 14; 17.39; -101.49| 4.3
2014; 4; 19; 15; 48; 17.41; -101.47| 4.1
2014; 4; 19; 16; 45; 17.36; -101.12| 4
2014; 4; 19; 21; 30; 17.46; -101.69| 4
2014; 4; 19; 23; 41; 17.28; -101.18| 4
2014; 4; 20; 2; 42; 17.26; -101.51| 4.1
2014; 4; 20; 7; 19; 17.35; -101.24| 4.1
2014; 4; 20; 7; 23; 17.28; -101.43| 4.2
2014; 4; 20; 7; 40; 17.51; -101.38| 4.7
2014; 4; 20; 8; 8; 17.31; -101.31| 4.2
2014; 4; 20; 12; 13; 13.39; -93.97| 4.3
2014; 4; 21; 1; 54; 15.65; -93.89| 4
2014; 4; 21; 7; 43; 17.71; -101.22| 4
2014; 4; 21; 9; 13; 17.38; -101.34| 4.2
2014; 4; 21; 12; 42; 17.34; -101.26| 4
2014; 4; 21; 15; 6; 16.01; -98.91| 4.3
2014; 4; 21; 17; 48; 17.24; -95.07| 4
2014; 4; 22; 3; 2; 14.68; -93.29| 4
2014; 4; 22; 21; 25; 15.63; -95.47| 4.1
2014; 4; 23; 1; 47; 13.66; -92.41| 4.1
2014; 4; 23; 5; 18; 13.49; -93.04| 4
2014; 4; 23; 8; 9; 13.94; -92.94| 4
2014; 4; 23; 9; 6; 15.49; -92.06| 4
2014; 4; 23; 10; 59; 17.46; -101.32| 4
2014; 4; 24; 4; 33; 17.43; -95.61| 4
2014; 4; 24; 8; 8; 17.81; -101.43| 4.2
2014; 4; 24; 16; 39; 17.38; -101.73| 4
2014; 4; 24; 22; 15; 14.47; -93.52| 4
2014; 4; 25; 7; 20; 17.29; -101.34| 4.2
2014; 4; 26; 2; 20; 16.31; -97.88| 4
2014; 4; 26; 5; 4; 16.21; -98.05| 4
2014; 4; 26; 8; 33; 14.16; -92.46| 5
2014; 4; 26; 10; 30; 16.23; -97.51| 4
2014; 4; 27; 9; 29; 15.26; -94.81| 4.1
2014; 4; 28; 3; 55; 14.41; -93.18| 4.5
2014; 4; 29; 17; 14; 13.66; -92.87| 4
2014; 4; 29; 22; 31; 17.36; -101.28| 4.3
2014; 4; 30; 1; 9; 14.66; -91.73| 4
2014; 4; 30; 17; 14; 16.92; -100.5| 4
2014; 5; 1; 1; 26; 17.2; -100.95| 4.1
2014; 5; 2; 14; 8; 17.33; -94.73| 5
2014; 5; 2; 19; 20; 16.93; -93.99| 4.8
2014; 5; 2; 19; 34; 17.34; -101.37| 4
2014; 5; 2; 23; 26; 14.81; -92.95| 4
2014; 5; 3; 2; 35; 15.89; -98.28| 4
2014; 5; 3; 8; 37; 15.86; -98.24| 4.6
2014; 5; 4; 2; 48; 15.94; -98.16| 4
2014; 5; 4; 6; 8; 14.05; -91.71| 4
2014; 5; 4; 15; 16; 24.27; -100.06| 4
2014; 5; 5; 21; 7; 16.27; -95.2| 4
2014; 5; 6; 4; 36; 17.27; -95.78| 4
2014; 5; 6; 5; 40; 15.23; -96.51| 4
2014; 5; 6; 19; 55; 16.6; -100.56| 4.6
2014; 5; 7; 1; 26; 16.64; -100.4| 4
2014; 5; 7; 2; 15; 18.65; -102.17| 4.1
2014; 5; 8; 3; 26; 14.43; -94.41| 4
2014; 5; 8; 12; 0; 17.11; -100.87| 6.4
2014; 5; 8; 12; 16; 17.12; -100.86| 5.1
2014; 5; 8; 12; 26; 17.01; -100.93| 4.9
2014; 5; 8; 12; 47; 17.08; -100.97| 4.6
2014; 5; 9; 6; 48; 14.29; -92.05| 4
2014; 5; 9; 11; 58; 17.53; -101.45| 4.2
2014; 5; 9; 18; 39; 15.65; -95.97| 4.1
2014; 5; 9; 19; 46; 17.29; -101.99| 4.3
2014; 5; 10; 2; 36; 17.06; -100.95| 6.1
2014; 5; 10; 2; 47; 16.93; -100.98| 4
2014; 5; 10; 3; 50; 16.98; -100.99| 4.1
2014; 5; 10; 5; 1; 17.11; -101.02| 4.1
2014; 5; 10; 6; 23; 16.83; -101| 4.1
2014; 5; 10; 7; 58; 16.93; -101.02| 4.1
2014; 5; 10; 8; 39; 13.85; -91.76| 4.2
2014; 5; 10; 8; 55; 16.97; -100.94| 4.6
2014; 5; 10; 12; 26; 16.91; -100.95| 4.9
2014; 5; 10; 17; 12; 17.07; -100.96| 4
2014; 5; 10; 20; 11; 15.77; -93.23| 4.2
2014; 5; 11; 0; 11; 17.48; -101.62| 4
2014; 5; 11; 8; 35; 17.46; -101.49| 4.1
2014; 5; 11; 12; 6; 17.36; -101.48| 4.1
2014; 5; 11; 15; 24; 16.48; -98.34| 4
2014; 5; 11; 22; 24; 16.97; -100.93| 4
2014; 5; 12; 1; 59; 17.22; -95.52| 4
2014; 5; 13; 14; 42; 16.14; -95.65| 4.6
2014; 5; 13; 20; 6; 26.29; -109.75| 4
2014; 5; 13; 22; 40; 17.13; -100.91| 4
2014; 5; 14; 11; 50; 16.21; -94.43| 4.2
2014; 5; 15; 2; 48; 16.97; -95.13| 4
2014; 5; 15; 2; 53; 13.65; -92.22| 4
2014; 5; 15; 10; 1; 16.14; -93.06| 4.2
2014; 5; 16; 0; 40; 16.95; -100.88| 4.2
2014; 5; 17; 9; 13; 16.02; -98.82| 4.2
2014; 5; 17; 15; 25; 30.35; -109.76| 4
2014; 5; 19; 2; 13; 13.7; -92.61| 4
2014; 5; 19; 20; 39; 18.04; -100.1| 5
2014; 5; 20; 1; 37; 17.49; -101.52| 4
2014; 5; 20; 16; 19; 17.6; -94.7| 4.8
2014; 5; 20; 16; 26; 18.11; -103.17| 4.1
2014; 5; 20; 17; 6; 18.39; -101.75| 4
2014; 5; 21; 5; 6; 17.11; -95.07| 5.8
2014; 5; 21; 10; 9; 13.96; -92.37| 5
2014; 5; 21; 12; 25; 16.61; -100.49| 4.1
2014; 5; 21; 16; 1; 17.73; -94.9| 4.1
2014; 5; 22; 2; 37; 17.29; -101.56| 4
2014; 5; 22; 2; 52; 15.41; -94.77| 4.1
2014; 5; 22; 3; 18; 15.92; -95.63| 4
2014; 5; 23; 4; 5; 16.36; -100.06| 4
2014; 5; 24; 3; 24; 16.21; -98.42| 5.7
2014; 5; 25; 2; 20; 30.11; -114.6| 4
2014; 5; 25; 3; 2; 18.23; -101.95| 4.1
2014; 5; 25; 7; 33; 29.66; -105.36| 4.1
2014; 5; 25; 22; 43; 17.2; -101.35| 4
2014; 5; 26; 10; 24; 18.57; -101.61| 4.5
2014; 5; 26; 20; 3; 14.65; -93.73| 4
2014; 5; 26; 21; 0; 16.61; -100.42| 4.1
2014; 5; 28; 8; 11; 16.49; -100.4| 4.1
2014; 5; 28; 9; 5; 15.99; -94.51| 4.1
2014; 5; 28; 22; 26; 17.74; -94.26| 4
2014; 5; 29; 3; 50; 16.66; -94.72| 4
2014; 5; 29; 21; 28; 13.46; -91.55| 4.4
2014; 5; 30; 11; 2; 16.71; -94.83| 4
2014; 5; 31; 6; 11; 14.03; -93.22| 4.1
2014; 5; 31; 6; 53; 18.99; -107.33| 6.2
2014; 5; 31; 23; 40; 17.58; -95.41| 4
2014; 6; 1; 20; 11; 17.21; -100.95| 4
2014; 6; 2; 3; 45; 17.54; -101.73| 4
2014; 6; 2; 10; 36; 15.45; -94.7| 4
2014; 6; 3; 4; 51; 15.71; -96.38| 4
2014; 6; 3; 9; 59; 17.27; -101.23| 4.1
2014; 6; 5; 4; 45; 16.15; -98.53| 4.4
2014; 6; 6; 4; 34; 17.44; -101.43| 4
2014; 6; 7; 10; 15; 15.99; -93.48| 4
2014; 6; 9; 0; 46; 13.5; -91.44| 4.1
2014; 6; 9; 15; 19; 17.34; -94.6| 4.1
2014; 6; 9; 21; 48; 15.64; -96.43| 4
2014; 6; 10; 2; 18; 16.52; -94.81| 4
2014; 6; 10; 7; 37; 16.21; -94.93| 4.2
2014; 6; 10; 8; 25; 17.21; -101.3| 4.3
2014; 6; 10; 9; 11; 17.42; -101.41| 4
2014; 6; 10; 21; 55; 15.94; -99.16| 4.1
2014; 6; 11; 0; 22; 17.09; -99.89| 4
2014; 6; 11; 7; 26; 15.44; -94.79| 4
2014; 6; 12; 7; 15; 16.42; -98.61| 4
2014; 6; 12; 17; 52; 27.92; -112.02| 4
2014; 6; 12; 21; 18; 28.06; -112.33| 4.1
2014; 6; 14; 17; 11; 15.9; -98.42| 4
2014; 6; 15; 1; 48; 16.45; -98.64| 4.1
2014; 6; 15; 3; 13; 16.61; -100.6| 4.1
2014; 6; 15; 10; 27; 16.12; -97.63| 4
2014; 6; 15; 14; 7; 25.6; -109.86| 4.5
2014; 6; 16; 5; 4; 15.1; -91.89| 5
2014; 6; 16; 5; 23; 15.12; -91.89| 4
2014; 6; 18; 15; 39; 15.54; -95.59| 4
2014; 6; 18; 19; 8; 18.1; -102.16| 4.5
2014; 6; 20; 0; 31; 14.01; -93.13| 4
2014; 6; 20; 1; 3; 17.19; -100.93| 4.1
2014; 6; 20; 6; 49; 16.15; -94.42| 4
2014; 6; 20; 7; 0; 16.36; -98.2| 4
2014; 6; 20; 14; 53; 14.34; -92.2| 4
2014; 6; 20; 20; 29; 14.18; -93.77| 4.1
2014; 6; 21; 4; 11; 30.19; -114.4| 4.1
2014; 6; 21; 19; 26; 14.66; -91.17| 4.6
2014; 6; 22; 3; 33; 17.56; -94.34| 4.1
2014; 6; 23; 7; 2; 14.9; -93.46| 4
2014; 6; 23; 20; 24; 17.17; -101.22| 4.1
2014; 6; 24; 14; 6; 17.53; -92.06| 4.1
2014; 6; 24; 14; 30; 17.48; -101.75| 4.1
2014; 6; 24; 22; 20; 27.764; -111.778| 4.5
2014; 6; 24; 22; 41; 17.39; -101.48| 4.2
2014; 6; 25; 4; 55; 15.95; -98.69| 4.1
2014; 6; 25; 11; 26; 15.8; -96.28| 4
2014; 6; 25; 11; 32; 15.91; -98.73| 4.1
2014; 6; 25; 11; 37; 15.92; -98.71| 4
2014; 6; 25; 11; 52; 15.96; -98.65| 4.5
2014; 6; 25; 21; 6; 17.03; -101.48| 4
2014; 6; 26; 3; 10; 14.38; -93.18| 4.1
2014; 6; 26; 4; 15; 14.14; -93.24| 4.1
2014; 6; 28; 7; 17; 15.14; -92.07| 4
2014; 6; 28; 13; 14; 15.75; -99.02| 4
2014; 6; 29; 19; 46; 17.3; -94.82| 4.4
2014; 6; 30; 0; 14; 13.89; -93.18| 4
2014; 6; 30; 10; 35; 14.93; -92.59| 4.1
2014; 6; 30; 11; 15; 15.55; -93.9| 4.2
2014; 6; 30; 12; 0; 17.34; -101.42| 4.3
2014; 7; 1; 14; 32; 15.36; -94.57| 4.1
2014; 7; 1; 21; 53; 17.08; -101.58| 4.2
2014; 7; 2; 21; 59; 17.58; -94.65| 4.2
2014; 7; 3; 4; 7; 17.18; -95.34| 4
2014; 7; 3; 8; 42; 17.69; -94.94| 4.1
2014; 7; 5; 18; 50; 14.26; -91.18| 4
2014; 7; 6; 5; 15; 19.19; -104.54| 4.4
2014; 7; 7; 6; 23; 14.75; -92.63| 6.9
2014; 7; 7; 8; 1; 14.47; -92.66| 4.1
2014; 7; 7; 16; 19; 17.15; -100.96| 4
2014; 7; 8; 10; 32; 14.52; -92.69| 4
2014; 7; 8; 16; 30; 16.44; -98.48| 4
2014; 7; 8; 17; 57; 29.93; -116.27| 4.7
2014; 7; 8; 18; 11; 16.49; -98.98| 4
2014; 7; 8; 22; 7; 13.62; -92.19| 4.1
2014; 7; 9; 0; 31; 16.1; -98.79| 4
2014; 7; 9; 4; 7; 14.61; -92.74| 4.6
2014; 7; 9; 5; 8; 14.64; -92.63| 4.7
2014; 7; 11; 4; 23; 14.67; -92.52| 4.3
2014; 7; 11; 13; 36; 15.68; -93.06| 4.4
2014; 7; 11; 14; 51; 15.7; -95.92| 4.1
2014; 7; 11; 15; 12; 14.13; -91.85| 4.1
2014; 7; 12; 0; 10; 14.25; -91.61| 4.5
2014; 7; 12; 0; 54; 17.07; -101.06| 4
2014; 7; 12; 8; 20; 13.05; -92.77| 4
2014; 7; 12; 16; 11; 24.14; -109.02| 4.4
2014; 7; 12; 19; 2; 14.5; -92.69| 4
2014; 7; 12; 23; 38; 16.55; -94.32| 4
2014; 7; 13; 20; 15; 14.67; -92.73| 4.1
2014; 7; 15; 12; 55; 17.27; -101.23| 4.2
2014; 7; 16; 13; 20; 14.6; -92.63| 4.1
2014; 7; 16; 17; 54; 14.69; -92.59| 4
2014; 7; 17; 7; 14; 14; -92.41| 4.7
2014; 7; 17; 7; 21; 15.22; -92.59| 4.5
2014; 7; 17; 14; 45; 16.68; -94.61| 4
2014; 7; 17; 15; 13; 15.83; -91.62| 4.2
2014; 7; 18; 5; 14; 14.89; -93.14| 4
2014; 7; 18; 6; 43; 17.03; -95.82| 4
2014; 7; 18; 21; 2; 17.17; -101.41| 4
2014; 7; 19; 0; 37; 17.37; -94.51| 4.5
2014; 7; 20; 4; 23; 14.76; -92.58| 5
2014; 7; 20; 12; 12; 14.82; -94.52| 4.1
2014; 7; 21; 2; 33; 17.54; -101.72| 4.1
2014; 7; 21; 12; 1; 19.8; -109.23| 4.2
2014; 7; 22; 1; 50; 25.74; -111.15| 4.6
2014; 7; 22; 11; 14; 32.51; -115.11| 4
2014; 7; 22; 14; 56; 14.54; -94.19| 4.1
2014; 7; 22; 16; 56; 16.36; -100.77| 4.6
2014; 7; 22; 18; 46; 25.97; -110.3| 4.2
2014; 7; 22; 19; 21; 14.4; -92.65| 4.1
2014; 7; 22; 19; 28; 16.59; -100.47| 5.2
2014; 7; 22; 21; 22; 16.57; -100.53| 4.2
2014; 7; 23; 7; 48; 14.69; -92.61| 4.3
2014; 7; 23; 8; 55; 14.37; -93.31| 4
2014; 7; 23; 9; 20; 13.86; -91.93| 4.2
2014; 7; 23; 10; 40; 16.53; -95.04| 4.1
2014; 7; 24; 19; 55; 14.6; -92.5| 4
2014; 7; 25; 20; 47; 16.04; -97.12| 4.1
2014; 7; 26; 9; 57; 17.01; -94.99| 4
2014; 7; 26; 12; 11; 17.47; -95.21| 4
2014; 7; 26; 21; 49; 16.02; -99.03| 4
2014; 7; 27; 1; 34; 16.27; -96.24| 4
2014; 7; 27; 8; 29; 15.79; -98.84| 4.8
2014; 7; 27; 15; 40; 17.6; -95.73| 4
2014; 7; 28; 11; 58; 16.05; -98.89| 4.1
2014; 7; 28; 14; 11; 16.14; -98.87| 4.2
2014; 7; 28; 14; 18; 16.11; -97.55| 4.1
2014; 7; 28; 14; 31; 16.05; -98.93| 4
2014; 7; 28; 22; 32; 14.68; -92.69| 5.3
2014; 7; 29; 3; 54; 17.16; -99.92| 4.1
2014; 7; 29; 5; 46; 17.7; -95.63| 6.4
2014; 7; 29; 6; 19; 17.78; -95.66| 4.2
2014; 7; 29; 21; 29; 14.17; -92.01| 4.1
2014; 7; 30; 8; 25; 16.47; -99.97| 4
2014; 7; 30; 22; 58; 14.15; -92.55| 4
2014; 7; 31; 10; 51; 17.76; -101.71| 4.1
2014; 7; 31; 11; 25; 18.32; -100.97| 4.2
2014; 7; 31; 21; 50; 16.66; -99.69| 4
2014; 8; 2; 1; 25; 14.16; -94.02| 4.3
2014; 8; 2; 3; 17; 15.84; -96.88| 4
2014; 8; 2; 4; 17; 23.65; -108.81| 4
2014; 8; 2; 12; 9; 17.24; -95.6| 4
2014; 8; 3; 1; 27; 15.44; -95.95| 4
2014; 8; 3; 3; 17; 17.02; -101.33| 4.2
2014; 8; 3; 3; 41; 14.27; -92.23| 4
2014; 8; 3; 4; 8; 17.03; -95.21| 4
2014; 8; 3; 9; 49; 17; -96.63| 4.1
2014; 8; 3; 15; 54; 27.5; -111.46| 4.1
2014; 8; 3; 19; 21; 17.09; -100.84| 5
2014; 8; 3; 23; 25; 15.83; -94.93| 5
2014; 8; 4; 8; 4; 16.05; -98.51| 4
2014; 8; 4; 9; 5; 15.4; -94.76| 4
2014; 8; 4; 12; 2; 15.73; -96.4| 4
2014; 8; 4; 16; 10; 18.18; -97.83| 4
2014; 8; 4; 18; 42; 17.38; -101.2| 4.2
2014; 8; 5; 2; 12; 16.67; -99.88| 4
2014; 8; 5; 5; 31; 17.11; -100.13| 4.1
2014; 8; 5; 7; 20; 14.58; -92.73| 4.1
2014; 8; 5; 14; 4; 14.16; -92.84| 4.2
2014; 8; 5; 19; 49; 17.26; -101.39| 4
2014; 8; 6; 22; 13; 17.04; -95.05| 4
2014; 8; 7; 5; 45; 15.72; -94.97| 4.9
2014; 8; 7; 11; 47; 17.51; -94.45| 4.1
2014; 8; 8; 8; 44; 18.91; -95.54| 4
2014; 8; 8; 9; 48; 16.53; -95.34| 4.1
2014; 8; 8; 15; 16; 15.45; -94.79| 4
2014; 8; 9; 5; 45; 15.3; -93.11| 4
2014; 8; 9; 5; 56; 17.19; -94.51| 4.3
2014; 8; 9; 14; 23; 15.76; -94.41| 4
2014; 8; 9; 15; 30; 17.42; -101.32| 4.2
2014; 8; 10; 13; 46; 27.63; -111.7| 5.4
2014; 8; 10; 19; 7; 16.19; -98.25| 4.2
2014; 8; 10; 20; 9; 16.38; -98.19| 5.2
2014; 8; 11; 7; 10; 15.78; -95.13| 4.5
2014; 8; 11; 8; 35; 14.52; -93.2| 4.5
2014; 8; 11; 21; 36; 18.78; -103.69| 4.1
2014; 8; 11; 21; 36; 18.8; -103.7| 4.3
2014; 8; 12; 13; 27; 17.38; -103.06| 4
2014; 8; 13; 0; 9; 29.88; -114.17| 4
2014; 8; 13; 1; 48; 16.13; -98.35| 5.4
2014; 8; 13; 12; 53; 30.01; -114.14| 4.3
2014; 8; 14; 3; 12; 15.74; -96.63| 4
2014; 8; 14; 11; 21; 18.06; -103.26| 4
2014; 8; 14; 14; 52; 15.24; -93.92| 4.6
2014; 8; 14; 22; 1; 15.94; -97.42| 4.2
2014; 8; 15; 3; 34; 13.83; -92.96| 4
2014; 8; 15; 6; 58; 17.21; -101.23| 4.2
2014; 8; 15; 20; 13; 14.48; -92.64| 4.1
2014; 8; 16; 8; 23; 15.63; -96.65| 4
2014; 8; 16; 11; 40; 17.5; -94.81| 4.1
2014; 8; 16; 18; 10; 16.26; -95.93| 4
2014; 8; 16; 19; 22; 16.05; -98.33| 4
2014; 8; 17; 18; 38; 16.27; -97.42| 4
2014; 8; 18; 0; 33; 16.34; -99.69| 4.2
2014; 8; 18; 10; 57; 15.41; -94.73| 4.1
2014; 8; 20; 21; 34; 14.25; -92.12| 4
2014; 8; 20; 23; 59; 15.34; -95.67| 4.2
2014; 8; 21; 22; 11; 16.61; -99.16| 4
2014; 8; 21; 23; 39; 16.26; -98.21| 4
2014; 8; 22; 20; 33; 29.07; -114.82| 4.2
2014; 8; 22; 22; 44; 14.77; -93.32| 4
2014; 8; 24; 8; 4; 16.52; -100.47| 4.1
2014; 8; 25; 15; 3; 14.14; -92.29| 4
2014; 8; 26; 17; 59; 14.92; -91.9| 4
2014; 8; 27; 7; 24; 27.59; -111.58| 4.1
2014; 8; 27; 10; 8; 16.65; -93.8| 4
2014; 8; 28; 3; 27; 14.18; -92.05| 5
2014; 8; 28; 13; 46; 14.14; -93.43| 4
2014; 8; 28; 17; 32; 14.11; -91.76| 4.4
2014; 8; 29; 4; 48; 27.71; -105.26| 4.1
2014; 8; 29; 18; 28; 17.63; -95.19| 4.3
2014; 8; 29; 22; 16; 17.64; -94.36| 4.2
2014; 8; 30; 1; 4; 17.35; -100.51| 4
2014; 8; 30; 4; 58; 16.24; -94.96| 4
2014; 8; 30; 19; 20; 29.8; -115.45| 4
2014; 8; 31; 2; 14; 14.61; -91.38| 4.2
2014; 8; 31; 3; 53; 14.24; -92.66| 4
2014; 8; 31; 9; 30; 15.32; -97.94| 4
2014; 9; 1; 9; 30; 15.82; -94.22| 4
2014; 9; 2; 21; 43; 16; -98.4| 4.1
2014; 9; 3; 3; 3; 15.08; -95.04| 4.3
2014; 9; 3; 16; 31; 15.72; -93.91| 4.1
2014; 9; 3; 16; 41; 15.72; -93.94| 4.1
2014; 9; 3; 17; 56; 15.3; -95.17| 4
2014; 9; 3; 21; 9; 17.16; -95.16| 4
2014; 9; 4; 5; 36; 27.72; -111.75| 4.2
2014; 9; 4; 12; 0; 16.31; -98.34| 4
2014; 9; 5; 8; 23; 14.57; -92.73| 4.2
2014; 9; 6; 6; 16; 14.28; -93.43| 4.3
2014; 9; 6; 13; 18; 14.05; -93.79| 4.3
2014; 9; 6; 14; 22; 18.63; -106.92| 5.9
2014; 9; 6; 15; 1; 14.11; -93.73| 4.3
2014; 9; 7; 0; 18; 13.94; -92.2| 4.1
2014; 9; 7; 6; 16; 17.46; -101.31| 4.1
2014; 9; 7; 7; 13; 32.2; -117.61| 4.3
2014; 9; 7; 21; 12; 16.08; -98.37| 4.1
2014; 9; 8; 7; 38; 16.93; -95.25| 4.1
2014; 9; 8; 8; 42; 18.48; -106.6| 5
2014; 9; 8; 13; 49; 17.29; -101.1| 4.5
2014; 9; 8; 15; 30; 16.33; -98.32| 5
2014; 9; 8; 15; 56; 16.22; -98.29| 4.1
2014; 9; 8; 16; 0; 17.5; -102.6| 4
2014; 9; 9; 16; 57; 19.49; -108.5| 4.7
2014; 9; 10; 19; 9; 14.19; -93.94| 4.1
2014; 9; 11; 0; 12; 14.5; -93.54| 4.3
2014; 9; 11; 3; 26; 13.76; -91.24| 4.8
2014; 9; 12; 10; 36; 15.82; -94.26| 4
2014; 9; 12; 20; 36; 14.29; -93.77| 4.2
2014; 9; 12; 20; 54; 14.23; -93.78| 4.6
2014; 9; 12; 21; 1; 14.37; -93.74| 4.1
2014; 9; 12; 21; 35; 14.33; -93.74| 4
2014; 9; 12; 21; 39; 14.35; -93.75| 4
2014; 9; 12; 21; 55; 14.26; -93.78| 4.5
2014; 9; 13; 6; 27; 14.21; -93.8| 5.1
2014; 9; 13; 8; 3; 14.4; -93.58| 4
2014; 9; 13; 10; 31; 16.85; -95.5| 4
2014; 9; 13; 14; 29; 15.69; -95.7| 4
2014; 9; 13; 20; 28; 14.91; -94| 4
2014; 9; 13; 23; 42; 14.26; -93.03| 4.1
2014; 9; 14; 4; 26; 14.05; -91.69| 4
2014; 9; 14; 4; 44; 17.64; -101.44| 4
2014; 9; 14; 12; 55; 16.6; -94.27| 4.2
2014; 9; 15; 0; 45; 29.61; -114.53| 4.2
2014; 9; 15; 1; 50; 30.48; -114.22| 4.6
2014; 9; 15; 3; 57; 30.76; -114.16| 4
2014; 9; 15; 4; 3; 29.9; -114.68| 4.1
2014; 9; 15; 4; 55; 30.74; -114.12| 4.2
2014; 9; 15; 5; 0; 30.47; -114.53| 4
2014; 9; 15; 7; 23; 30.54; -114.25| 4.8
2014; 9; 15; 13; 27; 30.21; -114.33| 5.2
2014; 9; 15; 13; 40; 30.24; -114.33| 4.6
2014; 9; 15; 13; 40; 30.49; -114.4| 4.1
2014; 9; 15; 15; 8; 30.01; -114.34| 4.1
2014; 9; 15; 16; 1; 30.01; -114.611| 4
2014; 9; 15; 17; 1; 29.75; -115.76| 4.6
2014; 9; 16; 11; 51; 30.02; -114.61| 4.6
2014; 9; 16; 12; 22; 13.8; -92.74| 4.1
2014; 9; 16; 13; 11; 31.05; -114.26| 4.1
2014; 9; 16; 15; 53; 29.76; -114.67| 4.1
2014; 9; 16; 20; 51; 14.56; -92.76| 4.1
2014; 9; 17; 17; 13; 31.21; -114.03| 4.2
2014; 9; 19; 7; 8; 16.67; -100.82| 4
2014; 9; 19; 22; 3; 14.64; -93.82| 5.3
2014; 9; 19; 22; 29; 14.71; -93.8| 4.1
2014; 9; 19; 23; 12; 14.71; -93.68| 4.5
2014; 9; 20; 0; 6; 14.68; -93.83| 4
2014; 9; 20; 0; 12; 13.96; -92.51| 4.8
2014; 9; 20; 3; 8; 14.69; -93.78| 4.2
2014; 9; 20; 5; 25; 19.05; -95.58| 4
2014; 9; 20; 22; 42; 16.75; -94.62| 4.1
2014; 9; 21; 6; 16; 30.61; -114.38| 4.2
2014; 9; 21; 6; 37; 29.98; -114.7| 4
2014; 9; 22; 5; 59; 15.58; -92.53| 4.3
2014; 9; 22; 11; 22; 25.03; -109.54| 4.2
2014; 9; 22; 11; 23; 30.15; -114.57| 4
2014; 9; 22; 13; 51; 17.29; -94.69| 4.3
2014; 9; 23; 10; 39; 14.76; -93.62| 4
2014; 9; 23; 11; 29; 14.86; -93.56| 4
2014; 9; 24; 9; 29; 17.87; -103.26| 4
2014; 9; 24; 18; 42; 19.18; -108.05| 4.1
2014; 9; 25; 0; 33; 16.19; -98.28| 4.1
2014; 9; 25; 18; 1; 15.69; -93.86| 4.1
2014; 9; 26; 11; 36; 15.99; -97.59| 4
2014; 9; 27; 4; 24; 15.76; -98.43| 4
2014; 9; 27; 14; 11; 16.67; -94.01| 4
2014; 9; 27; 15; 6; 17.33; -94.62| 4.1
2014; 9; 27; 17; 1; 31.29; -115.43| 4
2014; 9; 27; 21; 57; 13.9; -93.23| 4.6
2014; 9; 29; 7; 52; 17.2; -101.46| 4
2014; 9; 30; 5; 34; 14.52; -92.59| 4.5
2014; 10; 1; 22; 34; 14.03; -92.62| 4.7
2014; 10; 1; 22; 46; 14.08; -91.99| 4.2
2014; 10; 1; 23; 53; 13.57; -92.7| 4.4
2014; 10; 2; 3; 39; 15.41; -93.52| 4
2014; 10; 2; 6; 20; 24.5; -104.89| 4
2014; 10; 2; 8; 35; 14.22; -92.96| 4.1
2014; 10; 4; 6; 13; 15.91; -98.36| 4.2
2014; 10; 4; 7; 55; 16.77; -101.07| 4.2
2014; 10; 4; 9; 59; 15.4; -96.52| 4.2
2014; 10; 4; 14; 16; 17.4; -94.87| 5.6
2014; 10; 5; 10; 34; 15.71; -93.48| 4.1
2014; 10; 5; 20; 51; 14.74; -93.79| 4.3
2014; 10; 6; 7; 46; 17.24; -101.27| 4
2014; 10; 6; 19; 22; 16.49; -93.28| 4.1
2014; 10; 6; 23; 54; 14.79; -93.62| 4
2014; 10; 7; 9; 11; 15.79; -96.44| 4.3
2014; 10; 7; 10; 23; 15.94; -96.83| 4.1
2014; 10; 7; 17; 41; 16.59; -94.81| 4
2014; 10; 7; 21; 40; 23.23; -108.16| 6.1
2014; 10; 8; 4; 24; 14.53; -92.77| 4.6
2014; 10; 8; 6; 42; 16.6; -94.68| 4
2014; 10; 8; 8; 32; 15.77; -94.29| 4
2014; 10; 9; 9; 34; 16.22; -98.18| 4.1
2014; 10; 10; 0; 47; 15.85; -98.62| 4
2014; 10; 11; 2; 6; 14.63; -94.37| 4.2
2014; 10; 11; 2; 42; 14.89; -94.5| 4.7
2014; 10; 11; 11; 46; 15.97; -95.61| 5.6
2014; 10; 11; 13; 46; 16.11; -95.77| 4
2014; 10; 11; 17; 28; 17.19; -95.53| 4.3
2014; 10; 11; 18; 51; 18.08; -101.74| 4
2014; 10; 11; 21; 40; 14.78; -94.1| 4
2014; 10; 12; 11; 28; 24.16; -108.8| 4
2014; 10; 12; 12; 3; 14.63; -94.35| 4.1
2014; 10; 12; 15; 3; 17.99; -101.86| 4.1
2014; 10; 13; 3; 29; 14.61; -92.57| 4.6
2014; 10; 14; 10; 29; 17.19; -94.1| 4
2014; 10; 14; 14; 19; 17.11; -95.15| 4
2014; 10; 14; 16; 21; 14.7; -93.82| 4.2
2014; 10; 14; 19; 32; 15.57; -95.67| 4
2014; 10; 14; 21; 45; 17.09; -101.49| 4.1
2014; 10; 14; 22; 59; 14.51; -92.7| 5.1
2014; 10; 15; 11; 42; 15.22; -93.16| 4
2014; 10; 15; 18; 39; 17.17; -101.41| 4
2014; 10; 16; 3; 35; 14.18; -93.41| 4
2014; 10; 18; 14; 13; 14.04; -93.39| 4.3
2014; 10; 18; 14; 52; 14.45; -94.23| 4.1
2014; 10; 18; 23; 37; 13.95; -93.3| 4.1
2014; 10; 18; 23; 43; 16.24; -98.11| 4
2014; 10; 18; 23; 45; 16.33; -93.28| 4
2014; 10; 18; 23; 56; 16.27; -98.15| 4.1
2014; 10; 19; 4; 16; 15.43; -92.9| 4.1
2014; 10; 19; 6; 42; 16.09; -99.16| 4.8
2014; 10; 19; 6; 48; 15.11; -100.14| 4.2
2014; 10; 20; 10; 5; 14.3; -93.92| 4
2014; 10; 21; 1; 41; 16.04; -95.67| 4
2014; 10; 21; 10; 52; 14.55; -92.97| 4
2014; 10; 21; 21; 1; 16.72; -99.27| 4
2014; 10; 21; 22; 53; 32.52; -115.08| 4.1
2014; 10; 22; 4; 57; 14.76; -94.25| 4
2014; 10; 22; 12; 40; 27.72; -111.68| 4
2014; 10; 23; 7; 14; 16.51; -98.41| 4.2
2014; 10; 23; 8; 14; 27.89; -111.95| 4.1
2014; 10; 24; 14; 24; 17.71; -101.63| 4.1
2014; 10; 25; 0; 4; 19.66; -108.46| 4.7
2014; 10; 25; 14; 33; 15.98; -98.56| 4
2014; 10; 25; 18; 5; 16.09; -97.08| 4
2014; 10; 25; 20; 22; 14.89; -95.14| 4.1
2014; 10; 25; 21; 36; 14.09; -93.32| 4
2014; 10; 26; 4; 7; 15.79; -95.35| 4
2014; 10; 27; 8; 49; 14.98; -94.89| 4.3
2014; 10; 28; 17; 57; 16.22; -98.11| 4.1
2014; 10; 29; 12; 55; 28.02; -112.12| 4.1
2014; 10; 29; 18; 12; 14.65; -93.64| 4
2014; 10; 31; 14; 6; 15.86; -98.81| 4
2014; 10; 31; 14; 13; 16.04; -98.34| 4.1
2014; 10; 31; 14; 16; 16.05; -98.37| 4.4
2014; 11; 2; 9; 48; 16.55; -95.29| 4
2014; 11; 3; 14; 41; 17.17; -95.26| 4.1
2014; 11; 5; 7; 23; 17.61; -97.42| 4
2014; 11; 5; 11; 10; 16.99; -94.33| 4.1
2014; 11; 6; 0; 25; 17.23; -94.03| 4
2014; 11; 6; 5; 57; 15.97; -97.95| 4
2014; 11; 6; 8; 20; 15.78; -94.96| 4.1
2014; 11; 6; 8; 21; 27.67; -111.63| 4
2014; 11; 8; 0; 1; 13.87; -93.28| 4.1
2014; 11; 8; 3; 14; 16.22; -97.64| 4
2014; 11; 8; 5; 40; 17.97; -101.76| 4
2014; 11; 9; 1; 33; 16.02; -98.61| 4
2014; 11; 9; 7; 15; 16.21; -94.03| 4.1
2014; 11; 10; 6; 51; 17.44; -101.74| 4
2014; 11; 11; 19; 2; 15.43; -94.67| 4
2014; 11; 11; 19; 15; 14.62; -94.46| 4.2
2014; 11; 12; 17; 42; 14.74; -92.57| 4
2014; 11; 12; 21; 7; 26.52; -111.88| 4.6
2014; 11; 13; 7; 41; 27.85; -105.6| 4.3
2014; 11; 13; 11; 33; 27.77; -105.52| 4.3
2014; 11; 13; 13; 4; 17.86; -99.69| 4
2014; 11; 13; 18; 1; 14.24; -92.94| 4
2014; 11; 14; 5; 50; 25.32; -109.86| 4
2014; 11; 14; 6; 20; 25.33; -109.89| 4.1
2014; 11; 14; 9; 24; 31.75; -114.56| 4.1
2014; 11; 14; 10; 33; 16.04; -98.64| 4.1
2014; 11; 15; 1; 42; 14.84; -92.43| 4.3
2014; 11; 15; 2; 24; 14.68; -93.82| 4.2
2014; 11; 15; 2; 49; 15.93; -94.18| 4.3
2014; 11; 15; 3; 32; 14.77; -93.7| 4.1
2014; 11; 15; 8; 2; 18.71; -102.04| 4.3
2014; 11; 16; 10; 2; 14.58; -93.89| 4
2014; 11; 16; 17; 51; 16.07; -97.61| 4.1
2014; 11; 17; 1; 26; 17.07; -94.29| 4.1
2014; 11; 17; 1; 28; 18.64; -106.39| 4.6
2014; 11; 17; 1; 48; 18.64; -106.44| 4.7
2014; 11; 17; 2; 44; 15.41; -93.27| 4
2014; 11; 17; 6; 26; 27.731; -105.663| 4.2
2014; 11; 17; 8; 34; 18.68; -106.56| 4.7
2014; 11; 18; 2; 16; 14.07; -92.36| 4
2014; 11; 18; 2; 27; 16.83; -100.2| 4.8
2014; 11; 19; 5; 39; 14.71; -93.39| 5.2
2014; 11; 19; 5; 50; 14.75; -93.38| 4.4
2014; 11; 19; 20; 12; 13.96; -92.95| 4
2014; 11; 20; 9; 59; 17.47; -101.13| 4.2
2014; 11; 20; 19; 40; 16.29; -98.27| 4
2014; 11; 21; 8; 18; 13.06; -92.43| 4.1
2014; 11; 21; 18; 8; 18.28; -100.84| 4.2
2014; 11; 22; 2; 52; 16.03; -98.68| 4
2014; 11; 22; 10; 57; 26.49; -111.9| 4.1
2014; 11; 22; 14; 26; 31.8; -115.66| 4
2014; 11; 23; 23; 20; 18.49; -101.64| 4
2014; 11; 24; 6; 39; 15.03; -97.62| 4.4
2014; 11; 24; 7; 49; 14.91; -97.5| 4
2014; 11; 24; 10; 13; 16.84; -93.83| 4
2014; 11; 26; 16; 21; 27.68; -105.33| 4.2
2014; 11; 27; 5; 49; 30.12; -114.3| 4
2014; 11; 27; 6; 31; 18.27; -104.63| 5
2014; 11; 27; 11; 39; 18.05; -102.38| 4.6
2014; 11; 28; 2; 55; 14.14; -92.65| 4
2014; 11; 29; 3; 4; 28.09; -112.53| 4
2014; 11; 29; 5; 28; 15.29; -91.98| 4.2
2014; 11; 29; 12; 28; 15.63; -92.35| 4.2
2014; 11; 29; 21; 27; 16.88; -100.46| 4
2014; 11; 29; 23; 9; 14.33; -93.23| 4.2
2014; 11; 30; 6; 46; 14.5; -92.04| 4.1
2014; 11; 30; 8; 27; 16; -95.88| 4
2014; 11; 30; 14; 3; 17.38; -101.49| 4.2
2014; 12; 1; 7; 17; 15.57; -96.56| 4.2
2014; 12; 1; 22; 31; 13.63; -93.41| 4.3
2014; 12; 1; 23; 1; 16.93; -100.17| 4.1
2014; 12; 2; 3; 26; 16.76; -94| 4.2
2014; 12; 2; 3; 37; 15.86; -98.08| 4.2
2014; 12; 2; 7; 51; 22.15; -108.57| 4.5
2014; 12; 2; 22; 5; 16.03; -98.39| 4.1
2014; 12; 2; 23; 33; 15.97; -98.45| 4
2014; 12; 2; 23; 47; 17.56; -92.49| 4.5
2014; 12; 3; 3; 49; 16.61; -99.94| 4
2014; 12; 3; 11; 24; 19.56; -108.73| 4.7
2014; 12; 3; 18; 1; 16.95; -100.73| 4.1
2014; 12; 4; 2; 11; 16.19; -98.09| 4
2014; 12; 4; 3; 38; 15.15; -92.64| 4
2014; 12; 4; 13; 28; 15.18; -93.35| 4.2
2014; 12; 4; 14; 31; 15.98; -95.7| 4.2
2014; 12; 4; 18; 36; 23.75; -108.78| 4.1
2014; 12; 4; 21; 21; 15.85; -98.08| 4.1
2014; 12; 5; 3; 24; 17.6; -92.5| 4.2
2014; 12; 5; 4; 10; 17.55; -92.48| 4.2
2014; 12; 5; 15; 25; 16.75; -100.98| 4
2014; 12; 5; 16; 26; 15.03; -94.99| 4
2014; 12; 5; 19; 43; 25.14; -109.68| 4.1
2014; 12; 6; 8; 25; 14.62; -92.74| 4.4
2014; 12; 6; 16; 2; 15.67; -98.88| 4
2014; 12; 6; 17; 16; 15.59; -92.6| 4
2014; 12; 6; 18; 29; 15.57; -97.3| 4
2014; 12; 7; 12; 55; 17.16; -100.92| 4.1
2014; 12; 7; 15; 16; 13.79; -91.72| 5.8
2014; 12; 7; 19; 8; 15.58; -96.81| 4
2014; 12; 7; 19; 38; 15.55; -96.83| 4
2014; 12; 8; 0; 30; 16.08; -97.3| 4
2014; 12; 8; 23; 40; 13.39; -92.59| 4
2014; 12; 9; 3; 7; 16.26; -96.31| 4.1
2014; 12; 9; 20; 26; 20.25; -111.82| 4.5
2014; 12; 10; 3; 25; 16.27; -97.7| 4.1
2014; 12; 12; 13; 52; 13.95; -92.28| 4.4
2014; 12; 12; 18; 15; 16.49; -99.53| 4
2014; 12; 13; 23; 21; 17.69; -95.02| 4.1
2014; 12; 14; 22; 57; 13.63; -91.98| 4.8
2014; 12; 14; 23; 33; 17.297; -94.377| 4
2014; 12; 14; 23; 41; 15.68; -93.96| 4
2014; 12; 15; 18; 38; 17.76; -96.81| 4
2014; 12; 15; 22; 57; 16.34; -95.27| 4
2014; 12; 16; 1; 44; 16.19; -98.36| 4
2014; 12; 16; 12; 27; 14.64; -94.22| 4
2014; 12; 16; 14; 25; 15.86; -94.18| 4
2014; 12; 16; 14; 57; 16.44; -98.03| 4
2014; 12; 16; 17; 15; 16.25; -97.99| 4
2014; 12; 16; 19; 23; 16.08; -98.42| 4
2014; 12; 16; 20; 49; 14.75; -93.65| 4.1
2014; 12; 16; 21; 7; 16.27; -97.92| 4
2014; 12; 17; 14; 5; 15.28; -95.02| 4
2014; 12; 17; 17; 6; 15.14; -95.35| 4
2014; 12; 18; 2; 58; 16.78; -99.67| 4.2
2014; 12; 18; 15; 58; 14.54; -92.73| 4.4
2014; 12; 18; 16; 12; 14.65; -92.72| 4.8
2014; 12; 19; 3; 14; 14.59; -92.59| 4
2014; 12; 19; 10; 5; 14.14; -92.73| 4.6
2014; 12; 19; 13; 51; 14.57; -92.55| 4.2
2014; 12; 19; 19; 46; 15; -93.6| 4.1
2014; 12; 20; 0; 50; 14.72; -93.81| 4.2
2014; 12; 20; 1; 28; 16.16; -94.77| 4
2014; 12; 20; 22; 25; 17; -95.43| 4.4
2014; 12; 21; 4; 35; 14.48; -92.78| 4.3
2014; 12; 21; 22; 43; 14.38; -94.16| 4.2
2014; 12; 22; 18; 16; 15.38; -93.6| 4.2
2014; 12; 23; 4; 1; 16.99; -94.03| 4.4
2014; 12; 23; 6; 47; 16.29; -98.1| 4.1
2014; 12; 23; 10; 6; 24.59; -101.62| 4.3
2014; 12; 23; 11; 36; 14.4; -94.2| 4.6
2014; 12; 23; 15; 49; 16.12; -92.64| 4
2014; 12; 23; 16; 52; 16.26; -96.49| 4.1
2014; 12; 23; 20; 10; 16.05; -94.38| 4
2014; 12; 23; 22; 23; 15.19; -93.07| 4
2014; 12; 24; 5; 1; 14.37; -94.41| 4.2
2014; 12; 24; 10; 18; 15.68; -96.07| 4
2014; 12; 24; 11; 27; 17.64; -96.23| 4.6
2014; 12; 24; 16; 53; 17.97; -99.16| 4.4
2014; 12; 24; 23; 54; 14.76; -93.25| 4.2
2014; 12; 25; 0; 45; 24.28; -109.1| 5.2
2014; 12; 25; 1; 48; 15.21; -94.09| 4
2014; 12; 25; 4; 26; 17.19; -101.66| 4.3
2014; 12; 26; 2; 31; 18.28; -102.2| 4
2014; 12; 26; 13; 5; 16.86; -95.22| 4.1
2014; 12; 27; 7; 11; 14.18; -93.47| 4
2014; 12; 27; 7; 33; 18.4; -99.87| 4.2
2014; 12; 27; 20; 56; 14.56; -92.61| 4
2014; 12; 27; 21; 32; 16.83; -100.49| 4.1
2014; 12; 27; 21; 44; 16.95; -95.37| 4
2014; 12; 28; 6; 4; 16.5; -94.39| 4
2014; 12; 28; 12; 11; 17.06; -93.91| 4.1
2014; 12; 29; 2; 46; 15.46; -94.46| 4
2014; 12; 29; 7; 49; 17.21; -101.14| 4
2014; 12; 29; 13; 8; 14.22; -92.15| 4.2
2014; 12; 29; 16; 45; 16.02; -98.67| 4.2
2014; 12; 29; 17; 8; 14.84; -93.66| 4.3
2014; 12; 29; 17; 48; 18.3; -103.51| 4.1
2014; 12; 30; 1; 39; 14.75; -93.6| 4
2014; 12; 30; 5; 39; 16.99; -102.41| 4
2014; 12; 30; 12; 57; 15.56; -96.12| 4.2
2014; 12; 30; 18; 49; 14.71; -93.4| 4
2014; 12; 31; 17; 48; 15.71; -93.71| 4
